majlis_id,term,name,name_dv,constituency,constituency_dv,party,seat_no,photo_url,source_id
54,18,Ahmed Azhan Fahumy,އަޙްމަދު އަޒްހާން ފަހުމީ,Maavashu Dhaaira,މާވަށު ދާއިރާ,JP,0,https://majlis.gov.mv/storage/members/M1QEWpKvABCBAmEUQ22JWZ8j6jOrPVr07K0RLqxv.jpeg,majlis-member-roster
63,18,Ali Shah,ޢަލީ ޝާހް,Fuvahmulaku Uthuru Dhaaira,ފުވައްމުލަކު އުތުރު ދާއިރާ,JP,0,https://majlis.gov.mv/storage/members/M0epsVLtoTzD3Bm2cjlZJ7ithrOElN1msU8u3BHP.jpeg,majlis-member-roster
62,18,Ahmed Rasheed,އަޙްމަދު ރަޝީދު,Gadhdhoo Dhaaira,ގައްދޫ ދާއިރާ,PPM,0,https://majlis.gov.mv/storage/members/FnQPdnB5bsezqy7U20CKgeyW1PIlLJvAHmPJIxHE.jpeg,majlis-member-roster
61,18,Hussain Mohamed Latheef,ޙުސައިން މުޙައްމަދު ލަޠީފް,Faresmaathodhaa Dhaaira,ފަރެސްމާތޮޑާ ދާއިރާ,JP,0,https://majlis.gov.mv/storage/members/6jd1bWvSJDLGE0VMFwmS75KuoaA9NIXX0BgdXyPD.jpeg,majlis-member-roster
60,18,Muaz Mohamed Rasheed,މުޢާޒް މުޙައްމަދު ރަޝީދު,Madaveli Dhaaira,މަޑަވެލި ދާއިރާ,PPM,0,https://majlis.gov.mv/storage/members/cHnP6AhufJyQuuXyWTXqgNYNjtL5ZJoA6PAoYs6Q.jpeg,majlis-member-roster
59,18,Abdulla Ahmed,ޢަބްދުﷲ އަޙްމަދު,Thinadhoo Dhekunu Dhaaira,ތިނަދޫ ދެކުނު ދާއިރާ,JP,0,https://majlis.gov.mv/storage/members/t4zTSfUXnA4n25gZZMb1tj3QO7MRlJ48PxfYKOVq.jpeg,majlis-member-roster
58,18,Saudhullah Hilmy,ސައުދުﷲ ޙިލްމީ,Thinadhoo Uthuru Dhaaira,ތިނަދޫ އުތުރު ދާއިރާ,IND,0,https://majlis.gov.mv/storage/members/6xbRwkywFbo8ogYIgt4EPZ5gEBtbfvv4oUFkFvlW.jpeg,majlis-member-roster
57,18,Jameel Usmaan,ޖަމީލް ޢުޘްމާން,Gemanafushi Dhaaira,ގެމަނަފުށި ދާއިރާ,PPM,0,https://majlis.gov.mv/storage/members/TF7ihMs82eKBGQvFR6cFupTvzXHqm8Zgs56AtLvj.jpeg,majlis-member-roster
56,18,Ahmed Assad,އަޙްމަދު އަސްޢަދު,Dhaandhoo Dhaaira,ދާންދޫ ދާއިރާ,PPM,0,https://majlis.gov.mv/storage/members/sK4gB6vBhcm2bt5odu4fJxw37LXgpLih0cQX4tJ5.jpeg,majlis-member-roster
55,18,Saud Hussain,ސައުދު ޙުސައިން,Villingili Dhaaira,ވިލިނގިލި ދާއިރާ,JP,0,https://majlis.gov.mv/storage/members/ZqDCCXSkV2CRmjq0NSMrNsEACPOSKJZdSx7Yc8I1.jpeg,majlis-member-roster
64,18,Ali Fazadh,ޢަލީ ފަޒާދު,Fuvahmulaku Medhu Dhaaira,ފުވައްމުލަކު މެދު ދާއިރާ,PPM,0,https://majlis.gov.mv/storage/members/NdfNMAvfwTuhffPCXFwSuyqXh6USRs4n5pcGngEN.jpeg,majlis-member-roster
53,18,Abdul Raheem Abdulla,ޢަބްދުއްރަޙީމް ޢަބްދުﷲ,Fonadhoo Dhaaira,ފޮނަދޫ ދާއިރާ,PPM,0,https://majlis.gov.mv/storage/members/v3i1S3oYseGWENnkEKCR4iGjoGXIOFcN1N6BZTKj.jpeg,majlis-member-roster
51,18,Ahmed Rasheed Ibrahim,އަޙްމަދު ރަޝީދު އިބްރާހީމް,Isdhoo Dhaaira,އިސްދޫ ދާއިރާ,JP,0,https://majlis.gov.mv/storage/members/2t4LGyhRMOjvdsJHPP3oOqGYDkj9eXxh59HDOPPa.jpeg,majlis-member-roster
50,18,Hussain Manik Dhonmanik,ޙުސައިންމަނިކު ދޮންމަނިކު,Th. Guraidhoo Dhaaira,ތ. ގުރައިދޫ ދާއިރާ,JP,0,https://majlis.gov.mv/storage/members/ylMW6tw3MFiBSP9NqSTx6doOt6se1pz4miuF56yT.jpeg,majlis-member-roster
49,18,Abdulla Riyaz,ޢަބްދުﷲ ރިޔާޟް,Kinbidhoo Dhaaira,ކިނބިދޫ ދާއިރާ,JP,0,https://majlis.gov.mv/storage/members/p8foGxXFCQcWOdKmppagzHZgskIybUetG5AndowU.jpeg,majlis-member-roster
48,18,Mohamed Musthafa,މުޙައްމަދު މުޞްޠަފާ,Thimarafushi Dhaaira,ތިމަރަފުށި ދާއިރާ,MDP,0,https://majlis.gov.mv/storage/members/tWmvP3gsNtf6IWmWQQZksHPgPj6fAIAqnPDLS1EQ.jpeg,majlis-member-roster
47,18,Riyaz Rasheed,ރިޔާޟް ރަޝީދު,Vilufushi Dhaaira,ވިލުފުށި ދާއިރާ,JP,0,https://majlis.gov.mv/storage/members/lraXgyJiMvA0T7CKjyZVVnBTqk8b0p0LSkEbx2vI.jpeg,majlis-member-roster
46,18,Ahmed Amir,ޢަހްމަދު އާމިރު,Kudahuvadhoo Dhaaira,ކުޑަހުވަދޫ ދާއިރާ,MDA,0,https://majlis.gov.mv/storage/members/65tVNrzwaXKuXKA0qCpkAp6CRUbzUWanwtWSneTF.jpeg,majlis-member-roster
45,18,Ahmed Siyam Mohamed,އަޙްމަދު ސިޔާމް މުޙައްމަދު,Meedhoo Dhaaira,މީދޫ ދާއިރާ,MDA,0,https://majlis.gov.mv/storage/members/Fx8UZS1oOA00OGMlynKvA4GjMoAzNJELwoafdnJn.jpeg,majlis-member-roster
44,18,Abdulla Khaleel,ޢަބްދުﷲ ޚަލީލް,Nilandhoo Dhaaira,ނިލަންދޫ ދާއިރާ,PPM,0,https://majlis.gov.mv/storage/members/SuiIGNx4WimNRXWUyaVr09Ew4Ln1GfTVvm9CphOO.jpeg,majlis-member-roster
73,18,Moosa Manik,މޫސާ މަނިކު,Hulhuhenveiru Dhaaira,ހުޅުހެންވޭރު ދާއިރާ,PPM,0,https://majlis.gov.mv/storage/members/QD0MsA3ALziNxuUgpE3TiQVGDyDxsRXfVqNRDnC4.jpeg,majlis-member-roster
85,18,Asma Rasheed,އަސްމާ ރަޝީދު,Maafannu Medhu Dhaaira,މާފަންނު މެދު ދާއިރާ,PPM,0,https://majlis.gov.mv/storage/members/8pucM8B3Fotr2epZ8kViKPS7kQDL98ahujzBqwNN.jpeg,majlis-member-roster
84,18,Ahmed Nihan Hussain Manik,އަޙްމަދު ނިހާން ޙުސައިންމަނިކު,Villimale' Dhaaira,ވިލިމާލެ ދާއިރާ,PPM,0,https://majlis.gov.mv/storage/members/CgpxfnJxKMUd3Kla7W0UE346XcxkRE03fhEE0DTV.jpeg,majlis-member-roster
83,18,Abdulla Rifau,ޢަބްދުﷲ ރިފާޢު,Maafannu Dhekunu Dhaaira,މާފަންނު ދެކުނު ދާއިރާ,PPM,0,https://majlis.gov.mv/storage/members/y6fNiZy5u8ziwG8VTnZKWMQf7djPsykQ1qZrxy2K.jpeg,majlis-member-roster
82,18,Mohamed Falah,މުޙައްމަދު ފަލާޙް,Maafannu Hulhangu Dhaaira,މާފަންނު ހުޅަނގު ދާއިރާ,MDP,0,https://majlis.gov.mv/storage/members/r266SlaFF8kPN5LXjZvJR2wfYidBZBMcjiUAnKx9.jpeg,majlis-member-roster
81,18,Imthiyaz Fahumy,އިމްތިޔާޒު ފަހުމީ,Maafannu Uthuru Dhaaira,މާފަންނު އުތުރު ދާއިރާ,MDP,0,https://majlis.gov.mv/storage/members/r6ckyz3uNYxjyqw7dOvW1c1DlVwKow4F7ArdPWN6.jpeg,majlis-member-roster
79,18,Abdulla Shinan,ޢަބްދުﷲ ސިނާން,Mahchangoalhi Dhekunu Dhaaira,މައްޗަންގޮޅި ދެކުނު ދާއިރާ,IND,0,https://majlis.gov.mv/storage/members/sI9r1KpoOE8711fCngNCLNk26Owt9zBaU5mMWQRY.jpeg,majlis-member-roster
78,18,Eeva Abdulla,އީވާ ޢަބްދުﷲ,Galolhu Uthuru Dhaaira,ގަލޮޅު އުތުރު ދާއިރާ,MDP,0,https://majlis.gov.mv/storage/members/QSRryk9PtamrcRZAjNbDaga5nKM74fUFccHu53yv.jpeg,majlis-member-roster
75,18,Mohamed Abdul Kareem,މުޙައްމަދު ޢަބްދުލްކަރީމް,Henveyru Dhekunu Dhaaira,ހެންވޭރު ދެކުނު ދާއިރާ,MDP,0,https://majlis.gov.mv/storage/members/NSdNW5qibH02KMlQd37H02qRmkx5UcX6RuKn9r76.jpeg,majlis-member-roster
74,18,Ali Azim,ޢަލީ ޢާޡިމް,Medhu Henveyru Dhaaira,މެދުހެންވޭރު ދާއިރާ,MDP,0,https://majlis.gov.mv/storage/members/zIckXJJS5JVwUckyvhv2uL3xVtwaAzJHEtYlyYWx.jpeg,majlis-member-roster
43,18,Ahmed Mubeen,ޢަހްމަދު މުބީން,Bilehdhoo Dhaaira,ބިލެތްދޫ ދާއިރާ,JP,0,https://majlis.gov.mv/storage/members/Z1L2iPyfz1Q18xnp59D6fT3TR84sNVNka7AongF9.jpeg,majlis-member-roster
72,18,Rozaina Adam,ރޮޒައިނާ އާދަމް,Addu Meedhoo Dhaaira,އައްޑޫމީދޫ ދާއިރާ,MDP,0,https://majlis.gov.mv/storage/members/aVNPuPv2S6Y19oR7TocZvhV1Dmsx8EEBhEnnsQ2l.jpeg,majlis-member-roster
71,18,Ali Nizar,ޢަލީ ނިޒާރު,Hithadhoo Dhekunu Dhaaira,ހިތަދޫ ދެކުނު ދާއިރާ,MDP,0,https://majlis.gov.mv/storage/members/euAVLfcQ8c4w7LK4tc5moSlHMjD0AijA7yqLscbu.png,majlis-member-roster
70,18,Ibrahim Mohamed Didi,އިބްރާހީމް މުޙައްމަދުދީދީ,hithadhoo Medhu Dhaaira,ހިތަދޫ މެދު ދާއިރާ,MDP,0,https://majlis.gov.mv/storage/members/RscDM0XraWY0s8zMeLciwpSR3FlazAMwHbqjoplX.jpeg,majlis-member-roster
69,18,Mohamed Aslam,މުޙައްމަދު އަސްލަމް,Hithadhoo Uthuru Dhaaira,ހިތަދޫ އުތުރު ދާއިރާ,MDP,0,https://majlis.gov.mv/storage/members/eW2CX3El4cvTGFgy3YYLIaeskatCUXoQl5qKdRgD.jpeg,majlis-member-roster
68,18,Ibrahim Shareef,އިބްރާހީމް ޝަރީފް,Maradhoo Dhaaira,މަރަދޫ ދާއިރާ,MDP,0,https://majlis.gov.mv/storage/members/eSLwKiPYdKbK2nsJLdg1Wr0WJUElOcCyMZvUd7qt.jpeg,majlis-member-roster
67,18,Ibrahim Didi,އިބްރާހީމްދީދީ,Feydhoo Dhaaira,ފޭދޫ ދާއިރާ,PPM,0,https://majlis.gov.mv/storage/members/scODwRW3126eHSOn6Z8k6NJhVaNQH6h7fXESs8dP.jpeg,majlis-member-roster
66,18,Mohamed Shahid,މުޙައްމަދު ޝާހިދު,Hulhudhoo Dhaaira,ހުޅުދޫ ދާއިރާ,PPM,0,https://majlis.gov.mv/storage/members/mfwaVm2NA8mKrxlK4TVDgB1DvDTDzn0SrrjcyExc.jpeg,majlis-member-roster
65,18,Abdulla Maseeh Mohamed,ޢަބްދުﷲ މަސީޙު މުޙައްމަދު,Fuvahmulaku Dhekunu Dhaaira,ފުވައްމުލަކު ދެކުނު ދާއިރާ,PPM,0,https://majlis.gov.mv/storage/members/l0wLBNNfoPjKmoTDQsOb4DYGrFXHZF8pZVeoilhf.jpeg,majlis-member-roster
11,18,Anara Naeem,އަނާރާ ނަޢީމް,Makunudhoo Dhaaira,މަކުނުދޫ ދާއިރާ,AP,0,https://majlis.gov.mv/storage/members/FpkmFxnKTLeDtWKTX74imNgvWuIEmgptsAcfKrwI.jpeg,majlis-member-roster
20,18,Mohamed Rasheed Hussain,މުޙައްމަދު ރަޝީދު ޙުސައިން,Alifushi Dhaaira,އަލިފުށި ދާއިރާ,MDP,0,https://majlis.gov.mv/storage/members/FcR2F8ONXZuI6f0B8SlPfGbH2qm5JoWaxvIEU8cm.jpeg,majlis-member-roster
19,18,Ali Mohamed,ޢަލީ މުޙައްމަދު,Holhudhoo Dhaaira,ހޮޅުދޫ ދާއިރާ,PPM,0,https://majlis.gov.mv/storage/members/XaihOhbHIDLcNqR1Np8oTVNngtbmuMeuvt7KihSS.jpeg,majlis-member-roster
18,18,Abdulla Yameen,ޢަބްދުﷲ ޔާމިން,Velidhoo Dhaaira,ވެލިދޫ ދާއިރާ,PPM,0,https://majlis.gov.mv/storage/members/tP9DHiF3FoohrJcI0EZegTgTwfXcmLtxqG2Erdcv.jpeg,majlis-member-roster
17,18,Umar Hussain,ޢުމަރު ޙުސައިން,Manadhoo Dhaaira,މަނަދޫ ދާއިރާ,JP,0,https://majlis.gov.mv/storage/members/sDPKHbiGHiV06LcXHeWUJOFNbA1WAQPYPdkDyl8a.jpeg,majlis-member-roster
16,18,Ali Mauroof,ޢަލީ މަޢުރޫފު,Kendikulhudhoo Dhaaira,ކެނދިކުޅުދޫ ދާއިރާ,MDA,0,https://majlis.gov.mv/storage/members/kYtn4VzYsloR52AbVe7EWLr3QIl347UHkQsVmHZ7.jpeg,majlis-member-roster
15,18,Ali Saleem,ޢަލީ ސަލީމް,Funadhoo Dhaaira,ފުނަދޫ ދާއިރާ,PPM,0,https://majlis.gov.mv/storage/members/FgKBmxFyYmMzzj3dfAtnTdPDyjYxcZgFwWRGiCax.jpeg,majlis-member-roster
14,18,Ahmed Nashid,އަހްމަދު ނާޝިދު,Komandoo Dhaaira,ކޮމަންޑޫ ދާއިރާ,MDP,0,https://majlis.gov.mv/storage/members/8s2OpahFnd2SsIYRijXGx9yVfP8mc6GIUx9LTcEe.jpeg,majlis-member-roster
13,18,Hussain Mufeedh Abdul Ghadhir,ޙަސަން މުފީދު ޢަބްދުލްޤާދިރު,Milandhoo Dhaaira,މިލަންދޫ ދާއިރާ,PPM,0,https://majlis.gov.mv/storage/members/OMRAAITDwcTAnzkS6FbBeXpWU5eD7UQgUXGVfKkv.jpeg,majlis-member-roster
12,18,Mohamed Hussain,މުޙައްމަދު ޙުސައިން,Kanditheemu Dhaaira,ކަނޑިތީމު ދާއިރާ,JP,0,https://majlis.gov.mv/storage/members/s6pAEBmPJerSghGtwvd0ozK06fIC7ZJq9sfWwUSl.jpeg,majlis-member-roster
21,18,Jaufar Dhaawood,ޖަޢުފަރު ދާޢޫދު,Ungoofaaru Dhaaira,އުނގޫފާރު ދާއިރާ,PPM,0,https://majlis.gov.mv/storage/members/fWb6UhsfNGK0I1qaKPXGBaYZdwhL3lY1CsDVXYr1.jpeg,majlis-member-roster
10,18,Mohamed Nasheed,މުޙައްމަދު ނަޝީދު,Kulhudhuffushi Dhekunu Dhaaira,ކުޅުދުއްފުށި ދެކުނު ދާއިރާ,PPM,0,https://majlis.gov.mv/storage/members/xVldfwTzATxH4hASKdUSxmmkUwc2ucFU40B0skA5.jpeg,majlis-member-roster
9,18,Abdul Ghafoor Moosa,ޢަބްދުލްޣަފޫރު މޫސާ,Kulhudhuffushi Uthuru Dhaaira,ކުޅުދުއްފުށި އުތުރު ދާއިރާ,MDP,0,https://majlis.gov.mv/storage/members/dgn13L7R9E1WbjmZ3qr9GdFv2SNIL994IJxoTYJi.jpeg,majlis-member-roster
8,18,Mohamed Nazim,މުޙައްމަދު ނާޡިމް,Vaikaradhoo Dhaaira,ވައިކަރަދޫ ދާއިރާ,MDP,0,https://majlis.gov.mv/storage/members/67PMPlTdtYhvESWKih7AWNzLsJTFVdG8qWMgEzwm.jpeg,majlis-member-roster
7,18,Hussain Areef,ޙުސައިން އަރީފު,Nolhivaram Dhaaira,ނޮޅިވަރަމް ދާއިރާ,JP,0,https://majlis.gov.mv/storage/members/mv1KYT7UjXehvWj5xwKS3dbUpAwkCTAtkL3nLLaj.jpeg,majlis-member-roster
6,18,Hussain Shahudhee,ޙުސައިން ޝަހުދީ,Hanimaadhoo Dhaaira,ހަނިމާދޫ ދާއިރާ,JP,0,https://majlis.gov.mv/storage/members/FpIwOfoNkZ1V6sQQrQCURH76MRUnbY2Oq0rdZ3Qx.jpeg,majlis-member-roster
5,18,Ali Arif,ޢަލީ ޢާރިފު,Kelaa Dhaaira,ކެލާ ދާއިރާ,PPM,0,https://majlis.gov.mv/storage/members/3nu3JMXlN2Y5T55auzbn5zRy6iBURqF9ptrI3a0H.jpeg,majlis-member-roster
4,18,Abdul Latheef Mohamed,ޢަބްދުއްލަޠީފު މުޙައްމަދު,Dhihdhoo Dhaaira,ދިއްދޫ ދާއިރާ,JP,0,https://majlis.gov.mv/storage/members/8BkgjBupHEtY6fJZIq2EnUQ0gwpQpt2xAs7TB5RD.jpeg,majlis-member-roster
3,18,Ibrahim Shujau,އިބްރާހީމް ޝުޖާޢު,Baarashu Dhaaira,ބާރަށު ދާއިރާ,PPM,0,https://majlis.gov.mv/storage/members/1UI8TmeTSLgKFmoBPHE6SMMwmNWOtL5NqGk0LGHu.jpeg,majlis-member-roster
2,18,Mohamed Abdulla,މުޙައްމަދު ޢަބްދުﷲ,Ihavandhoo Dhaairaa,އިހަވަންދޫ ދާއިރާ,JP,0,https://majlis.gov.mv/storage/members/jQLm4naQxDDCB7p5PbNmbp5QTFtTQhtbmH4mPpdv.jpeg,majlis-member-roster
32,18,Mohamed Waheed Ibrahim,މުޙައްމަދު ވަޙީދު އިބްރާހީމް,Thulusdhoo Dhaaira,ތުލުސްދޫ ދާއިރާ,IND,0,https://majlis.gov.mv/storage/members/vyGUSbUHDZ0HUcM8Iz6W9Qr1U0ZWwtXAxjjocWaX.jpeg,majlis-member-roster
42,18,Ibrahim Naseer,އިބްރާހީމް ނަޞީރު,Mulaku Dhaaira,މުލަކު ދާއިރާ,MDP,0,https://majlis.gov.mv/storage/members/dJq03vhP86aQgqfMGBvgLpP4lgLfG0Rv0fLfD9A9.jpeg,majlis-member-roster
40,18,Moosa Nizar Ibrahim,މޫސާ ނިޒާރު އިބްރާހީމް,Keyodhoo Dhaaira,ކެޔޮދޫ ދާއިރާ,JP,0,https://majlis.gov.mv/storage/members/LJZynNkq3JsFDONuURv3z6eQMunEcsszasCoOLlC.jpeg,majlis-member-roster
39,18,Ahmed Marzoog,އަޙްމަދު މަރުޒޫޤް,Felidhoo Dhaaira,ފެލިދޫ ދާއިރާ,MDP,0,https://majlis.gov.mv/storage/members/CDR1o1ufiUPyxTAMlQpO6ubPeMuZrGttSA0qBIt9.jpeg,majlis-member-roster
38,18,Ilham Ahmed,އިލްހާމް އަޙްމަދު,Dhangethi Dhaaira,ދަނގެތި ދާއިރާ,JP,0,https://majlis.gov.mv/storage/members/CzUgQXjiiSVdp2R665sfeXDYgrfVvdEf1yQTXUso.jpeg,majlis-member-roster
37,18,Ahmed Thariq,އަޙްމަދު ޠާރިޤް,Mahibadhoo Dhaaira,މަހިބަދޫ ދާއިރާ,PPM,0,https://majlis.gov.mv/storage/members/CN1Iu8NWxnT8lGWww6FEjKeSQYXEMjiX0VuL2c73.jpeg,majlis-member-roster
36,18,Qasim Ibrahim,ޤާސިމް އިބްރާހީމް,Maamigili Dhaaira,މާމިގިލި ދާއިރާ,JP,0,https://majlis.gov.mv/storage/members/V3CNC3H3w1d3upiB9bhVptimzhMjFiJYsQaHbdlJ.jpeg,majlis-member-roster
35,18,Ibrahim Hassan,އިބްރާހީމް ޙަސަން,Thoddoo Dhaaira,ތޮއްޑޫ ދާއިރާ,JP,0,https://majlis.gov.mv/storage/members/80HnK6Kkbq0K1mtnnIqtxd1nrFEwM1Ei7PpB72BO.jpeg,majlis-member-roster
34,18,Hussain Mohamed,ޙުސައިން މުޙައްމަދު,Mathiveri Dhaaira,މަތިވެރި ދާއިރާ,JP,0,https://majlis.gov.mv/storage/members/dQSIyZWZYfYCPnBZEsTmO5sSu8TbAcHkRIveYxYo.jpeg,majlis-member-roster
33,18,Ibrahim Riza,އިބްރާހީމް ރިޒާ,Guraidhoo Dhaaira,ގުރައިދޫ ދާއިރާ,PPM,0,https://majlis.gov.mv/storage/members/4WKTfh1MCVswPisg4kgtw8cdUr4HgvERXRC1h81Y.jpeg,majlis-member-roster
1,18,Hon. Mohamed Ismail,އަލްފާޟިލް މުޙައްމަދު އިސްމާޢީލް,Hoarafushi Dhaaira,ހޯރަފުށި ދާއިރާ,MDA,0,https://majlis.gov.mv/storage/members/BIpV5NnekxC3X9JyXr1athXZHlKsDC5ezF6dEJSv.jpeg,majlis-member-roster
30,18,Abdul Baaree Abdulla,ޢަބްދުލްބާރީ ޢަބްދުﷲ,Kurendhoo Dhaaira,ކުރެންދޫ ދާއިރާ,MDP,0,https://majlis.gov.mv/storage/members/Pdiqd87A2IBS2D9HaZ8STbiV0EWshnHraEvm4bDz.jpeg,majlis-member-roster
29,18,Ahmed Shiyam,އަޙްމަދު ޝިޔާމް,Naifaru Dhaaira,ނައިފަރު ދާއިރާ,PPM,0,https://majlis.gov.mv/storage/members/KSktUFKSdVNh7P57eq1vasuXa6o9gWlqTUMWlxR6.jpeg,majlis-member-roster
27,18,Ali Hussain,ޢަލީ ޙުސައިން,Kendhoo Dhaaira,ކެންދޫ ދާއިރާ,JP,0,https://majlis.gov.mv/storage/members/rYklgLxeOTGzDqf8IMSPqf0aG9KPTZxOBU4mpTHD.jpeg,majlis-member-roster
26,18,Ahmed Saleem,އަޙްމަދު ސަލީމް,Eydhafushi Dhaaira,އޭދަފުށި ދާއިރާ,PPM,0,https://majlis.gov.mv/storage/members/OpFt9uJVOXdwrnPsVOIuCcskFdu2ImpgNInaPdGf.jpeg,majlis-member-roster
25,18,Nazim Rashaad,ނާޒިމް ރަޝާދު,Thulhaadhoo Dhaaira,ތުޅާދޫ ދާއިރާ,PPM,0,https://majlis.gov.mv/storage/members/hB6d21FNTLnpFBLbopTixJz7DgTChJJLlstbLye0.jpeg,majlis-member-roster
24,18,Mohamed Ameeth Ahmed Manik,މުޙައްމަދު އަމީތު އަޙްމަދުމަނިކު,Maduvvari Dhaaira,މަޑުއްވަރި ދާއިރާ,JP,0,https://majlis.gov.mv/storage/members/qF9bqfkcDyu9xW0tzdZB39oPbbNJVtE5l8o8gkJO.jpeg,majlis-member-roster
23,18,Ibrahim Falah,އިބްރާހީމް ފަލާޙް,Inguraidhoo Dhaaira,އިނގުރައިދޫ ދާއިރާ,PPM,0,https://majlis.gov.mv/storage/members/PX8HKNCsKwszcuBBGrCiN5RCx33LNpYYzHPVOVwB.jpeg,majlis-member-roster
22,18,Mohamed Ali,މުޙައްމަދު ޢަލީ,Dhuvaafaru Dhaaira,ދުވާފަރު ދާއިރާ,PPM,0,https://majlis.gov.mv/storage/members/1eniGp4O400VPBCbS8u1BKGU46sMeFrUuQUK3N1A.jpeg,majlis-member-roster
28,18,Ibrahim Mohamed Solih,އިބްރާހީމް މުޙައްމަދު ޞާލިޙް,Hinnavaru Dhaaira,ހިންނަވަރު ދާއިރާ,MDP,,https://majlis.gov.mv/storage/members/RRqwN4kGctJPSwhSr4o788Hg9nomj1jEMheFoizH.jpeg,majlis-member-roster
31,18,Faisal Naseem,ފައިސަލް ނަސީމް,Kaashidhoo Dhaaira,ކާށިދޫ ދާއިރާ,JP,,https://majlis.gov.mv/storage/members/pu3m5aw4p0xbq2W3HyBGQJrnKAlSzdu1s3FVCr0L.jpeg,majlis-member-roster
41,18,Ahmed Faris Maumoon,އަޙްމަދު ފާރިސް މައުމޫން,Dhiggaru Dhaaira,ދިއްގަރު ދާއިރާ,PPM,,https://majlis.gov.mv/storage/members/JqqeP9AHTATSxRcnAwICnkVq4e6O6w0os3aO8tgl.jpeg,majlis-member-roster
52,18,Fayyaz Ismail,ފައްޔާޞް އިސްމާޢީލް,Gan Dhaaira,ގަމު ދާއިރާ,MDP,,https://majlis.gov.mv/storage/members/H4ZaTlH6bkiXJgoT26xMJUvRW5xcKg8RlxffIjjK.jpeg,majlis-member-roster
76,18,Abdulla Shahid,ޢަބްދުﷲ ޝާހިދު,Henveyru Uthuru Dhaaira,ހެންވޭރު އުތުރު ދާއިރާ,MDP,,https://majlis.gov.mv/storage/members/hRBM1HcjOPOd0fpSJRkXHmWc5sPm49WjKH3BF4S1.jpeg,majlis-member-roster
77,18,Ahmed Mahloof,އަޙްމަދު މަޙްލޫފް,Galolhu Dhekunu Dhaaira,ގަލޮޅު ދެކުނު ދާއިރާ,PPM,,https://majlis.gov.mv/storage/members/D8S1hxx4bGbpHMVOB9wJPEZdbGThfzjPXdlALoVT.jpeg,majlis-member-roster
80,18,Mariya Ahmed Didi,މާރިޔާ އަޙްމަދު ދީދީ,Mahchangoalhi Uthuru Dhaaira,މައްޗަންގޮޅި އުތުރު ދާއިރާ,MDP,,https://majlis.gov.mv/storage/members/ltDjjjRpTXPullYkxEFB37uWTg5UPtwyTnHYGCdC.jpeg,majlis-member-roster
86,19,Ali Niyaz,ޢަލީ ނިޔާޒް,Hulhumale',ހުޅުމާލެ ދާއިރާ,MDP,1,https://majlis.gov.mv/storage/members/Ub2KHw49LVbccDRGJSnjzkwFOTLGvL8nT9VgbIOd.jpeg,majlis-member-roster
89,19,Ibrahim Muiz,އިބްރާހިމް މުޢިއްޒު,North Henveyru,ހެންވޭރު އުތުރު ދާއިރާ,MDP,2,https://majlis.gov.mv/storage/members/bK2lOj8QuDil6lRCv6GLn3WFpfr1YLpvBddcpnnG.jpeg,majlis-member-roster
87,19,Ali Azim,ޢަލީ ޢާޡިމް,Central Henveyru,މެދުހެންވޭރު ދާއިރާ,DEM,3,https://majlis.gov.mv/storage/members/fYI677nhnXdJ9nlkuqXbdjb2vbFtcQgF59PofEht.jpeg,majlis-member-roster
88,19,Hussain Shaheem,ޙުސައިން ޝަހީމް,South Henveyru,ހެންވޭރު ދެކުނު ދާއިރާ,MDP,4,https://majlis.gov.mv/storage/members/N12tB6BhCvl8CcqPNekrUWyqeAYI7x4KAYnNma2T.jpeg,majlis-member-roster
90,19,Hassan Latheef,ޙަސަން ލަޠީފް,West Henveyru,ހެންވޭރު ހުޅަނގު ދާއިރާ,DEM,5,https://majlis.gov.mv/storage/members/9SefI1QldX6yPjHaUPyZCyFbzU05Ga3MnLjOzDVP.jpeg,majlis-member-roster
91,19,Eva Abdulla,އީވާ ޢަބްދުﷲ,North Galolhu,ގަލޮޅު އުތުރު ދާއިރާ,DEM,6,https://majlis.gov.mv/storage/members/xPgklX19fT4tFwfxppwEUFJQcxlozEPzvBo5uxdg.jpeg,majlis-member-roster
92,19,Meekail Ahmed Naseem,މީކާއީލު އަޙްމަދު ނަސީމް,South Galolhu,ގަލޮޅު ދެކުނު ދާއިރާ,MDP,7,https://majlis.gov.mv/storage/members/z14zfkrnllKuNX6vFinNWgkYswbOa4fwLj5UPEnT.jpeg,majlis-member-roster
93,19,Mohamed Rasheed,މުޙައްމަދު ރަޝީދު,North Mahchangolhi,މައްޗަންގޮޅި އުތުރު ދާއިރާ,DEM,8,https://majlis.gov.mv/storage/members/YZdWSAF0xTLHnT4Y76tE6sLoyiVW2BT6HYecD7kQ.jpeg,majlis-member-roster
94,19,Mohamed Nasheed,ރައީސް މުޙައްމަދު ނަޝީދު,Central Mahchangolhi,މައްޗަންގޮޅި މެދު ދާއިރާ,DEM,9,https://majlis.gov.mv/storage/members/Jf22CsPMt9z1xHNbrypIXgxW8zR3KPG67WLJBKig.jpeg,majlis-member-roster
95,19,Ahmed Haitham,އަޙްމަދު ޚައިތަމް,South Mahchangolhi,މައްޗަންގޮޅި ދެކުނު ދާއިރާ,PNC,10,https://majlis.gov.mv/storage/members/6WZM1CUzSx3m6s8kqamMcfLG3sDZ6mDFE7bcfaeF.jpeg,majlis-member-roster
96,19,Imthiyaz Fahumy,އިމްތިޔާޒު ފަހުމީ,North Maafannu,މާފަންނު އުތުރު ދާއިރާ,DEM,11,https://majlis.gov.mv/storage/members/ayTbWrm7VSo93EgpeU9xufiAtuztAJaRlrxYI53r.jpeg,majlis-member-roster
98,19,Ibrahim Rasheed,އިބްރާހީމް ރަޝީދު,Central Maafannu,މާފަންނު މެދު ދާއިރާ,DEM,12,https://majlis.gov.mv/storage/members/v8YpulnHy6OMtVu4uYjP0dy9zVvyfhU5HS8DnD7r.jpeg,majlis-member-roster
97,19,Mohamed Falah,މުޙައްމަދު ފަލާޙް,West Maafannu,މާފަންނު ހުނޅަގު ދާއިރާ,MDP,13,https://majlis.gov.mv/storage/members/X5ZCfXPBr21qoIP6KsbKyCWxy2Qej0zyJeV8TYHU.jpeg,majlis-member-roster
99,19,Adam Ali,އާދަމް ޢަލީ,South Maafannu,މާފަންނު ދެކުނު ދާއިރާ,PNC,14,https://majlis.gov.mv/storage/members/HloNGp9JwUra6rlc14znf7XhTYfjcmC0o7jx1xtw.jpeg,majlis-member-roster
101,19,Ahmed Saleem,އަޙްމަދު ސަލީމް,Hoarafushi,ހޯރަފުށި ދާއިރާ,MDP,16,https://majlis.gov.mv/storage/members/IjbAzv9HILI8Thi9aDbEjvYuc04qpeWg5EehULR0.jpeg,majlis-member-roster
102,19,Mohamed Shifau,މުޙައްމަދު ޝިފާޢު,Ihavandhoo,އިހަވަންދޫ ދާއިރާ,MDP,17,https://majlis.gov.mv/storage/members/4gyg0tYk9WYYBlqkKN89QWTNLYP4FUXNVNFO15gJ.jpeg,majlis-member-roster
103,19,Ahmed Abdulla,އަޙްމަދު ޢަބްދުﷲ,Baarashu,ބާރަށު ދާއިރާ,MDP,18,https://majlis.gov.mv/storage/members/VHYpHzd7djkieQsXF2VXUD4U9i8Tj0hnEtwiiRgt.jpeg,majlis-member-roster
104,19,Abdulla Waheed,ޢަބްދުﷲ ވަޙީދު,Dhidhdhoo,ދިއްދޫ ދާއިރާ,MDP,19,https://majlis.gov.mv/storage/members/5sKlAa2uRkGFZuEixHTIrJJsHxUf0A9r3CXov0tS.jpeg,majlis-member-roster
105,19,Ibrahim Shareef,އިބްރާހީމް ޝަރީފް,Kelaa,ކެލާ ދާއިރާ,MDP,20,https://majlis.gov.mv/storage/members/JzipIPBS1QO0tbNyOE13sxqohDNtXbnyIp90xkDA.jpeg,majlis-member-roster
106,19,Abdul Ghafoor Moosa,ޢަބްދުލްޣަފޫރު މޫސާ,Hanimaadhoo,ހަނިމާދޫ ދާއިރާ,MDP,21,https://majlis.gov.mv/storage/members/w43luC5hI8NXaw1GH05mTo8QbP54s7vGSZTMORCb.jpeg,majlis-member-roster
107,19,Mohamed Nasheed Abdulla,މުޙައްމަދު ނަޝީދު ޢަބްދުﷲ,Nolhivaram,ނޮޅިވަރަމް ދާއިރާ,IND,22,https://majlis.gov.mv/storage/members/DnWtsjO48QRhFQfWxHpMSdc6ODQlsQq1oSL9oFWu.jpeg,majlis-member-roster
108,19,Hussain Ziyad,ޙުސައިން ޒިޔާދު,Vaikaradhoo,ވައިކަރަދޫ ދާއިރާ,MDP,23,https://majlis.gov.mv/storage/members/og1VCkEymGidfhsKwo8HhebpNCJTITdZRZS3SwWx.jpeg,majlis-member-roster
109,19,Yasir Abdul Latheef,ޔާސިރު ޢަބްދުއްލަޠީފް,North Kulhudhuffushi,ކުޅުދުއްފުށި އުތުރު ދާއިރާ,MDP,24,https://majlis.gov.mv/storage/members/ssUPr4xVg5QrN38vYCYmZPNCBNankHIFFuyS4nwB.jpeg,majlis-member-roster
110,19,Jamsheed Mohamed,ޖަމްޝީދު މުޙައްމަދު,South Kulhudhuffushi,ކުޅުދުއްފުށި ދެކުނު ދާއިރާ,MDP,25,https://majlis.gov.mv/storage/members/viliwA8vm2oWfHht77yED2nQ6O67Ixhu380LIdsb.jpeg,majlis-member-roster
111,19,Mohamed Raee,މުޙައްމަދު ރާޢީ,Makunudhoo,މަކުނުދޫ ދާއިރާ,MDP,26,https://majlis.gov.mv/storage/members/PbqqLCyTk5IpJgrDMMuxMpfiIJYYskoQU2PEY2ty.jpeg,majlis-member-roster
112,19,Abdulla Shaheem Abdul Hakeem,ޢަބްދުﷲ ޝަހީމް ޢަބްދުލްޙަކީމް,Kanditheemu,ކަނޑިތީމު ދާއިރާ,PNC,27,https://majlis.gov.mv/storage/members/ipAaNu1ft8MY3NL9qG1ssQpfY8Y8SxAgTwkQHGSF.jpeg,majlis-member-roster
113,19,Ali Riza,ޢަލީ ރިޟާ,Milandhoo,މިލަންދޫ ދާއިރާ,MDP,28,https://majlis.gov.mv/storage/members/zSkHbjDv4yDzQf2nf5CZkQDyqKCYhCEvRRD3wuR9.jpeg,majlis-member-roster
114,19,Mohamed Rashid,މުޙައްމަދު ރާޝިދު,Komandoo,ކޮމަންޑޫ ދާއިރާ,PNC,29,https://majlis.gov.mv/storage/members/5Wgfflca7ISRDcjaZN44RAyyRT7siRvjbYrv3cQR.png,majlis-member-roster
115,19,Mohamed Shahid,މުޙައްމަދު ޝާހިދު,Funadhoo,ފުނަދޫ ދާއިރާ,MDP,30,https://majlis.gov.mv/storage/members/evvnlyHpR2vsrWjjG56VrOUkvTbadmI644yeTuIt.jpeg,majlis-member-roster
116,19,Ahmed Easa,އަޙްމަދު ޢީސާ,Kendhikulhudhoo,ކެނދިކުޅުދޫ ދާއިރާ,MDP,31,https://majlis.gov.mv/storage/members/zJXjhR6rpfYP5DOUUIKLSYy3nNxjuwLQ6YxLV3KK.jpeg,majlis-member-roster
117,19,Ahmed Haroon,އަޙްމަދު ހާރޫން,Manadhoo,މަނަދޫ ދާއިރާ,MDP,32,https://majlis.gov.mv/storage/members/J9H3ictw65A6Vgqnhgltb326nahzV5e3wQmPwd2c.jpeg,majlis-member-roster
118,19,Mohamed Abdulla Shafeeq,މުޙައްމަދު ޢަބްދުﷲ ޝަފީޤް,Velidhoo,ވެލިދޫ ދާއިރާ,MDP,33,https://majlis.gov.mv/storage/members/VT4iTORCkKPOT66p2IRJOtVogdTPnhRIU76ILlAg.jpeg,majlis-member-roster
119,19,Yoonus Ali,ޔޫނުސް ޢަލީ,Holhudhoo,ހޮޅުދޫ ދާއިރާ,MDP,34,https://majlis.gov.mv/storage/members/iz4SBSTh0Y1dCCxMs1nrckIPVpmAIjX8AcfPJzH6.jpeg,majlis-member-roster
120,19,Mohamed Rasheed Hussain,މުޙައްމަދު ރަޝީދު ޙުސައިން,Alifushi,އަލިފުށި ދާއިރާ,MDP,35,https://majlis.gov.mv/storage/members/y4VJOBprVyo4KcP0k8HxbVwSwdibzR9cyEwYHJzk.jpeg,majlis-member-roster
121,19,Mohamed Waheed,މުޙައްމަދު ވަޙީދު,Ungoofaaru,އުނގޫފާރު ދާއިރާ,DEM,36,https://majlis.gov.mv/storage/members/uLKsiCO7dNet5BN2A3e97BkzuwZlJELoS0WcRr2y.jpeg,majlis-member-roster
122,19,Ismail Ahmed,އިސްމާޢީލް އަޙްމަދު,Dhuvaafaru,ދުވާފަރު ދާއިރާ,MDP,37,https://majlis.gov.mv/storage/members/ZR5buRH0dqGDnaJQY40nOpDqMtrEfzpfJRg5Z1SE.jpeg,majlis-member-roster
123,19,Hassan Ahmed,ޙަސަން އަޙްމަދު,Inguraidhoo,އިނގުރައިދޫ ދާއިރާ,PNC,38,https://majlis.gov.mv/storage/members/NRNFDEyVPpZB9VKsWGR1USnNVldEYaeYn2kWCFHD.jpeg,majlis-member-roster
125,19,Hisaan Hussain,ޙިސާން ޙުސައިން,Thulhaadhoo,ތުޅާދޫ ދާއިރާ,MDP,40,https://majlis.gov.mv/storage/members/mN0QneshkyltP25amht8piyQWMvM9pWEWtEWMWE6.jpeg,majlis-member-roster
126,19,Ahmed Saleem,އަޙްމަދު ސަލީމް,Eydhafushi,އޭދަފުށި ދާއިރާ,PPM,41,https://majlis.gov.mv/storage/members/aVfQHZcana5ZKT3M9QglGwJ8MwRV5G4RjOoZSd6n.jpeg,majlis-member-roster
127,19,Ali Hussain,ޢަލީ ޙުސައިން,Kendhoo,ކެންދޫ ދާއިރާ,JP,42,https://majlis.gov.mv/storage/members/WHp1uDXqpcMu5bnAJA0Vsrzn6ZZubdVKbC3DY9LH.jpeg,majlis-member-roster
128,19,Jeehan Mahmood,ޖީހާން މަޙްމޫދު,Hinnavaru,ހިންނަވަރު ދާއިރާ,MDP,43,https://majlis.gov.mv/storage/members/bf97SBLirorsAE0NobWjCii2QnFGnvzUHVJBeGnx.jpeg,majlis-member-roster
130,19,Abdul Ghani Abdul Hakeem,ޢަބްދުލްޣަނީ ޢަބްދުލްޙަކީމް,Kurendhoo,ކުރެންދޫ ދާއިރާ,PNC,45,https://majlis.gov.mv/storage/members/uuXx0Eh8U9rjqhPjFQFXI4kZ7sPuEBLlNrGKy6F0.jpeg,majlis-member-roster
131,19,Abdulla Jabir,ޢަބްދުﷲ ޖާބިރު,Kaashidhoo,ކާށިދޫ ދާއިރާ,MDP,46,https://majlis.gov.mv/storage/members/9gAL044IbhhfremA4FhWRkAPZbuxuieCc3SSwqFs.jpeg,majlis-member-roster
132,19,Ibrahim Naseem,އިބްރާހީމް ނަސީމް,Thulusdhoo,ތުލުސްދޫ ދާއިރާ,PNC,47,https://majlis.gov.mv/storage/members/LHgIEkiG8n6Rl8QIR37IDIE3ZAytmwBMvUuyEbLD.jpeg,majlis-member-roster
174,19,Ibrahim Shaaz,އިބްރާހީމް ޝާޒު,Guraidhoo,ގުރައިދޫ ދާއިރާ,PNC,48,https://majlis.gov.mv/storage/members/ihuK2aIwAx1CdSM2TNfUXA9C3YVSE3hpgEj7Kyye.jpeg,majlis-member-roster
134,19,Hassan Zareer,ޙަސަން ޒަރީރު,Mathiveri,މަތިވެރި ދާއިރާ,PNC,49,https://majlis.gov.mv/storage/members/Ftayg5DEtfyfcohILlhTFQ3wFtevgvhi8yyEYxby.jpeg,majlis-member-roster
135,19,Hassan Shiyan,ޙަސަން ޝިޔާން,Thoddoo,ތޮއްޑޫ ދާއިރާ,PNC,50,https://majlis.gov.mv/storage/members/UlajJFqMP6elTNPD0wDx4vNnMAHajXGpJxsuWXN6.jpeg,majlis-member-roster
136,19,Qasim Ibrahim,ޤާސިމް އިބްރާހީމް,Maamigili,މާމިގިލި ދާއިރާ,JP,51,https://majlis.gov.mv/storage/members/ypVAwIesjPIbSuL3acGqfyYiyaKmS6acl7UFSDUc.jpeg,majlis-member-roster
137,19,Ahmed Thariq,އަޙްމަދު ޠާރިޤް,Mahibadhoo,މަހިބަދޫ ދާއިރާ,PPM,52,https://majlis.gov.mv/storage/members/8MLKAQfKw6xLEyD1kaAbj8IUD7x5VbXQBzskBK7A.jpeg,majlis-member-roster
138,19,Mohamed Nazim,މުޙައްމަދު ނާޡިމް,Dhangethi,ދަނގެތި ދާއިރާ,IND,53,https://majlis.gov.mv/storage/members/86YdAngihym6xdhwa2uuy5ubeoCMykPVwv286c4v.jpeg,majlis-member-roster
140,19,Hussain Qasim,ޙުސައިން ޤާސިމް,Keyodhoo,ކެޔޮދޫ ދާއިރާ,MDP,55,https://majlis.gov.mv/storage/members/WA5PIVLetszdRhQnlfjHlfIqVics9fZaTOvyOeiY.jpeg,majlis-member-roster
141,19,Ikram Hassan,އިކްރާމް ޙަސަން,Dhiggaru,ދިއްގަރު ދާއިރާ,MDP,56,https://majlis.gov.mv/storage/members/EvZ4dU3LczQTtZck1QvTuwh9MjtbImxBdCYYtVlt.jpeg,majlis-member-roster
142,19,Ibrahim Naseer,އިބްރާހިމް ނަޞީރު,Mulaku,މުލަކު ދާއިރާ,PNC,57,https://majlis.gov.mv/storage/members/zL20Mw4tjTByFK6jTZUtl8z44b0WH3AVi3lGe3nB.jpeg,majlis-member-roster
143,19,Ahmed Haleem,އަޙްމަދު ޙަލީމް,Bilehdhoo,ބިލެތްދޫ ދާއިރާ,MDP,58,https://majlis.gov.mv/storage/members/J7Bq8bCn83xamWurCN70luwQqrcuFmkKm3UVLstF.jpeg,majlis-member-roster
144,19,Abdul Muhsin Hameed,ޢަބްދުލްމުޙުސިން ޙަމީދު,Nilendhoo,ނިލަންދޫ ދާއިރާ,PNC,59,https://majlis.gov.mv/storage/members/w5ZbYQtafZtOEyRNxpjfrQ2CMY2CKHRBshFfQjWi.jpeg,majlis-member-roster
145,19,Ahmed Siyam Mohamed,އަޙްމަދު ސިޔާމް މުޙައްމަދު,Meedhoo,މީދޫ ދާއިރާ,MDA,60,https://majlis.gov.mv/storage/members/NN7Ztq5Lkri6HOPtwCuRfNeFBaZDcbfr7m39GO2H.jpeg,majlis-member-roster
146,19,Ahmed Amir,އަޙްމަދު ޢާމިރު,Kudahuvadhoo,ކުޑަހުވަދޫ ދާއިރާ,MDA,61,https://majlis.gov.mv/storage/members/FYdI7jckUGiDedI8gFdbOI7x9AjGRmTpkCsaoKPt.jpeg,majlis-member-roster
147,19,Hassan Afeef,ޙަސަން ޢަފީފު,Vilifushi,ވިލުފުށި ދާއިރާ,DEM,62,https://majlis.gov.mv/storage/members/fsjeELeCmhPttR8AYiVQP3DBqdvvpIS2AMgnKn28.jpeg,majlis-member-roster
148,19,Abdulla Riyaz,ޢަބްދުﷲ ރިޔާޟް,Thimarafushi,ތިމަރަފުށި ދާއިރާ,IND,63,https://majlis.gov.mv/storage/members/QNN38TFZXzySslT7xFFzzYVLeAl1pK47gYCjGAt6.jpeg,majlis-member-roster
149,19,Mohamed Nashiz,މުޙައްމަދު ނާޝިޒު,Kinbidhoo,ކިނބިދޫ ދާއިރާ,MDP,64,https://majlis.gov.mv/storage/members/M8i7LS4QhzPdcVaL0ztBlcVhnFlgNdLWP6xKNhfp.jpeg,majlis-member-roster
151,19,Ali Hameed,ޢަލީ ޙަމީދު,Isdhoo,އިސްދޫ ދާއިރާ,PNC,66,https://majlis.gov.mv/storage/members/yt5c4NlSOIkwGvbZWFUsVG4CaXMEwrphfivze4CP.jpeg,majlis-member-roster
152,19,Mohamed Visam,މުޙައްމަދު ވިސާމް,Gan,ގަމު ދާއިރާ,MDP,67,https://majlis.gov.mv/storage/members/tAXpmEJTOUkceHLyiCovIuA4c1X5QJs5wtWBbo5b.jpeg,majlis-member-roster
153,19,Moosa Siraj,މޫސާ ސިރާޖު,Fonadhoo,ފޮނަދޫ ދާއިރާ,PNC,68,https://majlis.gov.mv/storage/members/Z8MVef04JpOAmC6Xf36UAnipiUpbwd3Fa7tbsAgz.jpeg,majlis-member-roster
155,19,Saud Hussain,ސަޢުދު ޙުސައިން,Vilingili,ވިލިނގިލި ދާއިރާ,MDP,70,https://majlis.gov.mv/storage/members/fgypCr7KJsKGId41Fiyc4KjrgF0V2nGnfeqT3eyF.jpeg,majlis-member-roster
156,19,Yaugoob Abdulla,ޔަޢުޤޫބު ޢަބްދުﷲ,Dhaandhoo,ދާންދޫ ދާއިރާ,MDP,71,https://majlis.gov.mv/storage/members/XLHymIStTZWnH2lgztelrhDtlDlkLTWmPxFspaV4.jpeg,majlis-member-roster
157,19,Ahmed Saeed,އަޙްމަދު ސަޢީދު,Gemanafushi,ގެމަނަފުށި ދާއިރާ,MDP,72,https://majlis.gov.mv/storage/members/DR0fJLRfbYQoam81M9KQmVGugBgSZNgOVhRO0kWH.jpeg,majlis-member-roster
158,19,Abdul Mughnee,ޢަބްދުލްމުޣުނީ,North Thinadhoo,ތިނަދޫ އުތުރު ދާއިރާ,MDP,73,https://majlis.gov.mv/storage/members/HExPJ12XmS7sgSsv68ehxPbWTae5j0okDBHPoxta.jpeg,majlis-member-roster
159,19,Abdulla Saneef,ޢަބްދުﷲ ސަނީފް,South Thinadhoo,ތިނަދޫ ދެކުނު ދާއިރާ,MDP,74,https://majlis.gov.mv/storage/members/kGLccnIrIn8kGy7WHtBthTJtJvwD1d23XodGxXZk.jpeg,majlis-member-roster
160,19,Hussain Firushan,ޙުސައިން ފިރުޝާން,Madaveli,މަޑަވެލި ދާއިރާ,DEM,75,https://majlis.gov.mv/storage/members/fXGPSBg8BbES8oOtyViKKhACZ8AyATm5q3REMVeg.jpeg,majlis-member-roster
162,19,Ahmed Zahir,އަޙްމަދު ޒާހިރު,Gadhdhoo,ގައްދޫ ދާއިރާ,DEM,77,https://majlis.gov.mv/storage/members/y6kARXqJMXV2LX6vzZqpW2jrkxxOhDo8Y6FsjibY.jpeg,majlis-member-roster
163,19,Mohamed Rasheed,މުޙައްމަދު ރަޝީދު,North Fuvahmulah,ފުވައްމުލަކު އުތުރު ދާއިރާ,MDP,78,https://majlis.gov.mv/storage/members/B5XwedOiapYMRyM1qtTTnCxMoLu1Fsw3nYeRBEWf.jpeg,majlis-member-roster
164,19,Hussain Mohamed Didi,ޙުސައިން މުޙައްމަދުދީދީ,Central Fuvahmulah,ފުވައްމުލަކު މެދު ދާއިރާ,MDP,79,https://majlis.gov.mv/storage/members/kDQuR5zelOQqZyDMyLMLlhV2xwGjwDeSWHOKzQgO.jpeg,majlis-member-roster
165,19,Mohamed Mumthaz,މުޙައްމަދު މުމްތާޒް,South Fuvahmulah,ފުވައްމުލަކު ދެކުނު ދާއިރާ,MDP,80,https://majlis.gov.mv/storage/members/juNRsMnpB1dEJ2rBXxDvQHB600dY6omv16zjEd6V.jpeg,majlis-member-roster
166,19,Ilyas Labeeb,އިލްޔާސް ލަބީބު,Hulhudhoo,ހުޅުދޫ ދާއިރާ,DEM,81,https://majlis.gov.mv/storage/members/L2EmmlUelIw9rcCCL4Dwj9YrnrYp3RdfDx3uak13.jpeg,majlis-member-roster
167,19,Mohamed Nihad,މުޙައްމަދު ނިހާދު,Feydhoo,ފޭދޫ ދާއިރާ,PNC,82,https://majlis.gov.mv/storage/members/wocvupEgKRRkJiK3skkcyQSyu7MrO7oQSZDOQ2Aj.jpeg,majlis-member-roster
168,19,Ibrahim Shareef,އިބްރާހީމް ޝަރީފް,Maradhoo,މަރަދޫ ދާއިރާ,PNC,83,https://majlis.gov.mv/storage/members/CwdQxQCvJtmkmlhAFE1hQ0nc0xjRt5bYixdC6ZVP.jpeg,majlis-member-roster
169,19,Mohamed Aslam,މުޙައްމަދު އަސްލަމް,North Hithadhoo,ހިތަދޫ އުތުރު ދާއިރާ,MDP,84,https://majlis.gov.mv/storage/members/KKvygJOylYUAGPjmywf6xYbd4H7EDlSgFemJ1vb5.jpeg,majlis-member-roster
170,19,Ahmed Rasheed,އަޙްމަދު ރަޝީދު,Central Hithadhoo,ހިތަދޫ މެދު ދާއިރާ,DEM,85,https://majlis.gov.mv/storage/members/x9OK64n6JCu2qnImg9MqVVWBGpHSKeEqgSP5eIif.jpeg,majlis-member-roster
171,19,Ibrahim Nazil,އިބްރާހީމް ނާޒިލް,South Hithadhoo,ހިތަދޫ ދެކުނު ދާއިރާ,MDP,86,https://majlis.gov.mv/storage/members/GFnjVIFVXVEYcU2izV4jP8f0zCeD4waqgaAggNR3.jpeg,majlis-member-roster
172,19,Rozaina Adam,ރޮޒައިނާ އާދަމް,Addu Meedhoo,އައްޑޫމީދޫ ދާއިރާ,MDP,87,https://majlis.gov.mv/storage/members/Font3sWVqIT5s6OTlJUmtRP3qpjR2z708F0n3kyT.jpeg,majlis-member-roster
133,19,Ibrahim Riza,އިބްރާހީމް ރިޟާ,Guraidhoo,ގުރައިދޫ ދާއިރާ,PPM,,https://majlis.gov.mv/storage/members/orTF5F49DDWp4O9KUpKD7YDVSRsVxuxdOHVXycYk.jpeg,majlis-member-roster
173,19,Hussain Waheed,ޙުސައިން ވަޙީދު,Komandoo,ކޮމަންޑޫ ދާއިރާ,MDP,,https://majlis.gov.mv/storage/members/SPJCnQJIO1U563ql8vFEMMeAzsxUArkml92I9Rq9.png,majlis-member-roster
100,19,Ahmed Usham,އަޙްމަދު އުޝާމް,Vilimale',ވިލިމާލެ ދާއިރާ,MNP,,https://majlis.gov.mv/storage/members/feUnAYQELt7ciT1NRDp0N6yIAQTkWYXpxwwk4RDo.jpeg,majlis-member-roster
124,19,Adam Shareef,އާދަމް ޝަރީފް,Maduvvari,މަޑުއްވަރި ދާއިރާ,PNC,,https://majlis.gov.mv/storage/members/PvRhtHELo5oCfuponCb9keIW5aLRm34arcNGjGqO.jpeg,majlis-member-roster
129,19,Ahmed Shiyam,އަޙްމަދު ޝިޔާމް,Naifaru,ނައިފަރު ދާއިރާ,PPM,,https://majlis.gov.mv/storage/members/6QN424DqlNTRCrO9ptvdLrXdkzCoiKFHajknYXXt.jpeg,majlis-member-roster
139,19,Ibrahim Fazul Rasheed,އިބްރާހީމް ފަޟުލް ރަޝީދު,Felidhoo,ފެލިދޫ ދާއިރާ,PNC,,https://majlis.gov.mv/storage/members/Si869x7lFOhgHvfNEJpJOfrIjoSEwk0K2QmzF0jF.jpeg,majlis-member-roster
150,19,Mohamed Ghassan Maumoon,މުޙައްމަދު ޣައްސާން މައުމޫން,Guraidhoo,ތ. ގުރައިދޫ ދާއިރާ,PPM,,https://majlis.gov.mv/storage/members/pYidv9fZKzELKJ1STo6XhRRZhYZv6s8GO121wOWW.jpeg,majlis-member-roster
154,19,Mohamed Saeed,މުޙައްމަދު ސަޢީދު,Maavashu,މާވަށު ދާއިރާ,PNC,,https://majlis.gov.mv/storage/members/1xOJbWf324qDoVrkVa2m2kDYuCJd60gISoN2k84d.jpeg,majlis-member-roster
161,19,Hussain Mohamed Latheef,ޙުސައިން މުޙައްމަދު ލަޠީފް,Faresmaathodaa,ފަރެސްމާތޮޑާ ދާއިރާ,PNC,,https://majlis.gov.mv/storage/members/IqavlUDDmWnQvg8F1CNP7ADTXOrVqXh8YN5tu5hv.jpeg,majlis-member-roster
175,20,Hussain Shareef,ޙުސައިން ޝަރީފު,North Hulhumale',ހުޅުމާލެ އުތުރު ދާއިރާ,PNC,1,https://majlis.gov.mv/storage/members/S8cL1FH911hlyysKuMoun5f401dUCrlfkb8iAXa4.jpg,majlis-member-roster
176,20,Abdulla Shazeem,ޢަބްދުﷲ ޝަޛީމް,Central Hulhumale',ހުޅުމާލެ މެދު ދާއިރާ,PNC,2,https://majlis.gov.mv/storage/members/HprxQktStn4YF7VIqtWNcawJoNDdODyxDVUjJkWQ.jpg,majlis-member-roster
177,20,Dr. Ahmed Shamheed,ޑޮކްޓަރ އަޙްމަދު ޝަމްހީދު,South Hulhumale',ހުޅުމާލެ ދެކުނު ދާއިރާ,MDP,3,https://majlis.gov.mv/storage/members/wJ333PB8HpMdJttRqLtbpLLcxR0TeSejDd8JZ340.jpg,majlis-member-roster
178,20,Ahmed Aifan,އަޙްމަދު އައިފާން,North Henveyru,ހެންވޭރު އުތުރު ދާއިރާ,PNC,4,https://majlis.gov.mv/storage/members/hXXCTzvqVLvipS4oWrcHNm60ro9coVACIW6dkjXA.jpg,majlis-member-roster
179,20,Hussain Nasih,ޙުސައިން ނާޞިޙް,Central Henveyru,މެދުހެންވޭރު ދާއިރާ,PNC,5,https://majlis.gov.mv/storage/members/A3R6uYERHgTVGzCPIf490sEFxHyO1hsVeNnHfGub.jpg,majlis-member-roster
180,20,Hussain Imran Latheef,ޙުސައިން އިމްރާން ލަޠީފް,South Henveyru,ހެންވޭރު ދެކުނު ދާއިރާ,PNC,6,https://majlis.gov.mv/storage/members/ARt0dP3Y0b6vtPbGuBf4ZIH4fBNkO6NRyajCPTP4.jpg,majlis-member-roster
181,20,Ali Ibrahim,ޢަލީ އިބްރާހީމް,West Henveyru,ހެންވޭރު ހުޅަނގު ދާއިރާ,PNC,7,https://majlis.gov.mv/storage/members/BlxD791zTIcWvDMTbqrhIM3yHuqkoNs5Y4MWrLcO.jpg,majlis-member-roster
182,20,Mohamed Ibrahim,މުޙައްމަދު އިބްރާހީމް,North Galolhu,ގަލޮޅު އުތުރު ދާއިރާ,MDP,8,https://majlis.gov.mv/storage/members/NmkszIpAYXeuFbigLMzUifHZB6ZLHsbKTjXv6gt4.jpg,majlis-member-roster
183,20,Meekail Ahmed Nasym,މީކާއީލު އަޙްމަދު ނަސީމް,South Galolhu,ގަލޮޅު ދެކުނު ދާއިރާ,MDP,9,https://majlis.gov.mv/storage/members/tl35lCvVt6FxehD5THIAD798crc0SXMgi3aTEYaB.jpg,majlis-member-roster
184,20,Ibrahim Muhammad,އިބްރާހީމް މުޙައްމަދު,North Mahchangolhi,މައްޗަންގޮޅި އުތުރު ދާއިރާ,PNC,10,https://majlis.gov.mv/storage/members/Ltpw9yOYRTK0xYAVyDABN6WsgUdYb34wj28js9O6.jpg,majlis-member-roster
185,20,Ahmed Xamyr,އަޙްމަދު ޟަމީރު,Central Mahchangolhi,މައްޗަންގޮޅި މެދު ދާއިރާ,PNC,11,https://majlis.gov.mv/storage/members/rRiyZwXMyqrEfzVazQgmRtju30RMxiwHgrQJoLym.jpg,majlis-member-roster
186,20,Musthafa Hussain,މުޞްޠަފާ ޙުސައިން,South Mahchangolhi,މައްޗަންގޮޅި ދެކުނު ދާއިރާ,PNC,12,https://majlis.gov.mv/storage/members/nQxPm22NZYyEcMdvNHkyts2wxuFyvVFYi8w669Kl.jpg,majlis-member-roster
187,20,Mohamed Nazim,މުޙައްމަދު ނާޡިމް,North Maafannu,މާފަންނު އުތުރު ދާއިރާ,MNP,13,https://majlis.gov.mv/storage/members/6NViLIlFHLicjL3ZoL5kB3i2rKeZQcW6S8YQIoco.jpg,majlis-member-roster
188,20,Asma Rasheed,އަސްމާ ރަޝީދު,Central Maafannu,މާފަންނު މެދު ދާއިރާ,PNC,14,https://majlis.gov.mv/storage/members/FSvWvPBzHTclBlcsrpnLsC4inM2FKmaYM09R9E9B.jpg,majlis-member-roster
189,20,Abdulla Rifau,ޢަބްދުﷲ ރިފާޢު,South Maafannu,މާފަންނު ދެކުނު ދާއިރާ,PNC,15,https://majlis.gov.mv/storage/members/u2jUtXU0TTJbqIp4mgIy4dzR5FqW3mVQTGZeFqIq.jpg,majlis-member-roster
190,20,Mohamed Musthafa Ibrahim,މުޙައްމަދު މުޞްޠަފާ އިބްރާހީމް,West Maafannu,މާފަންނު ހުޅަނގު ދާއިރާ,PNC,16,https://majlis.gov.mv/storage/members/oQCV1xDKRQNKGaAuXLDWnQBuym7qGCRatv5qxA9D.jpg,majlis-member-roster
191,20,Mohamed Ismail,މުޙައްމަދު އިސްމާޢީލް,Vilimale',ވިލިމާލެ ދާއިރާ,PNC,17,https://majlis.gov.mv/storage/members/kICOYvCwhnBt9au53a51uH9h5sdbjpXK6RWSLdR4.jpg,majlis-member-roster
192,20,Ali Moosa,ޢަލީ މޫސާ,Hoarafushi,ހޯރަފުށި ދާއިރާ,PNC,18,https://majlis.gov.mv/storage/members/p8NEPO4GT9YEqIEQhPN7gUo4Eb5WS4nsSEq8jDAj.jpg,majlis-member-roster
193,20,Ahmed Naseer,އަޙްމަދު ނަޞީރު,Ihavandhoo,އިހަވަންދޫ ދާއިރާ,PNC,19,https://majlis.gov.mv/storage/members/9sEwYdiYSeDlANI6ScvKpStDxH97a8nPj17RlBQI.jpg,majlis-member-roster
194,20,Ibrahim Shujau,އިބްރާހީމް ޝުޖާޢު,Baarashu,ބާރަށު ދާއިރާ,PNC,20,https://majlis.gov.mv/storage/members/hEPDYLQL8LRHN39fsNBlqxVyR2T9r9EQ6QCHthXe.jpg,majlis-member-roster
195,20,Abdul Latheef Mohamed,ޢަބްދުއްލަޠީފް މުޙައްމަދު,Dhidhdhoo,ދިއްދޫ ދާއިރާ,PNC,21,https://majlis.gov.mv/storage/members/HvSp3kNdy7N5I4DZjFerXrWKFUKOIozCznMhFPmT.jpg,majlis-member-roster
196,20,Abdulla Shareef,ޢަބްދުﷲ ޝަރީފް,Kelaa,ކެލާ ދާއިރާ,PNC,22,https://majlis.gov.mv/storage/members/aZmXG4ApR0gbyFuOEmv8YmdlsREFR9kLGpSDjkL2.jpg,majlis-member-roster
197,20,Abdul Gafoor Moosa,ޢަބްދުލްޣަފޫރު މޫސާ,Hanimaadhoo,ހަނިމާދޫ ދާއިރާ,MDP,23,https://majlis.gov.mv/storage/members/MiMShY0xEHgu927hBpYfrQTTBFUk3OWCblyWFqf8.jpg,majlis-member-roster
198,20,Mohamed Rasheed,މުޙައްމަދު ރަޝީދު,Nolhivaram,ނޮޅިވަރަމް ދާއިރާ,PNC,24,https://majlis.gov.mv/storage/members/4SdwAo19lylHhLjlaq8LtrRNYj6jeSU8y0X5EuzG.jpg,majlis-member-roster
199,20,Hussain Ziyad,ޙުސައިން ޒިޔާދު,Vaikaradhoo,ވައިކަރަދޫ ދާއިރާ,MDP,25,https://majlis.gov.mv/storage/members/fzAL0aybIsl3dAGcV1Vi1hQBFJc21DNWJmKGFkmC.jpg,majlis-member-roster
200,20,Mohamed Dawoodh,މުޙައްމަދު ދާއޫދު,North Kulhudhuffushi,ކުޅުދުއްފުށި އުތުރު ދާއިރާ,PNC,26,https://majlis.gov.mv/storage/members/8wtZaGSnBidKiNMxCnc4Aqmx8PPmscZdUx0cNgKH.jpg,majlis-member-roster
201,20,Faruhath Mohamed,ފަރުޙަތު މުޙައްމަދު,South Kulhudhuffushi,ކުޅުދުއްފުށި ދެކުނު ދާއިރާ,PNC,27,https://majlis.gov.mv/storage/members/bNWnutjSA2r5lvyG06YFsWJbGNuFAdyrUaOD0Tnz.jpg,majlis-member-roster
202,20,Adam Shafeeq,އާދަމް ޝަފީޤު,Makunudhoo,މަކުނުދޫ ދާއިރާ,PNC,28,https://majlis.gov.mv/storage/members/TCpuAgr41l8WNkF74FczEWISbyEbsnWzHqSHBNAd.jpg,majlis-member-roster
203,20,Ameen Faisal,އަމީން ފައިޞަލް,Kanditheemu,ކަނޑިތީމު ދާއިރާ,MDP,29,https://majlis.gov.mv/storage/members/6FVGr3RVdxWoehxbmeTbaEmdnDoatbVUKdX8VqHS.jpg,majlis-member-roster
204,20,Hassan Mufeed Abdul Gadir,ޙަސަން މުފީދު ޢަބްދުލްޤާދިރު,Milandhoo,މިލަންދޫ ދާއިރާ,PNC,30,https://majlis.gov.mv/storage/members/4X8L2AAM6U788BUX1t9qC6m54RxLBM4AXtfphGro.jpg,majlis-member-roster
205,20,Mohamed Ibrahim,މުޙައްމަދު އިބްރާހީމް,Komandoo,ކޮމަންޑޫ ދާއިރާ,PNC,31,https://majlis.gov.mv/storage/members/ydhLrsAm4qWhpAxJrk47sVGoNWx2LIs60odkJ2Uv.jpg,majlis-member-roster
206,20,Mohamed Mamdooh,މުޙައްމަދު މަމްދޫޙް,Funadhoo,ފުނަދޫ ދާއިރާ,PNC,32,https://majlis.gov.mv/storage/members/TIYgZDfuQua1HGFU9hNXPau6MsV2wFgqnSk2eDvn.jpg,majlis-member-roster
207,20,Mohamed Afoo Hamid,މުޙައްމަދު ޢަފޫ ޙާމިދު,Kendhikulhudhoo,ކެނދިކުޅުދޫ ދާއިރާ,PNC,33,https://majlis.gov.mv/storage/members/NPgnbGzGKnC6uYYDWUzHOch2uwFIAdHhtzadzlZS.jpg,majlis-member-roster
208,20,Husnee Mubarik,ޙުސްނީ މުބާރިކް,Manadhoo,މަނަދޫ ދާއިރާ,PNC,34,https://majlis.gov.mv/storage/members/uxvMmu6VnERuNKpfTPPDoSRrYMM4HbzSZqc2x8wc.jpg,majlis-member-roster
209,20,Mohamed Abbas,މުޙައްމަދު ޢައްބާސް,Velidhoo,ވެލިދޫ ދާއިރާ,MDA,35,https://majlis.gov.mv/storage/members/8lSGiioAapj0pnZTt7K5FX0R1tfuv7A5L0vyBjhR.jpg,majlis-member-roster
210,20,Abdul Sattar Mohamed,ޢަބްދުއްސައްތާރު މުޙައްމަދު,Holhudhoo,ހޮޅުދޫ ދާއިރާ,PNC,36,https://majlis.gov.mv/storage/members/RVpxQzQHstVDYbla6JRnTRDDWTgvDY0pAMy0uCqh.jpg,majlis-member-roster
211,20,Abdul Latheef Abdul Rahman,ޢަބްދުއްލަޠީފް ޢަބްދުއްރަޙްމާނު,Alifushi,އަލިފުށި ދާއިރާ,PNC,37,https://majlis.gov.mv/storage/members/rZKZjE7noFLHQkeg0r6v2tvrIh1hJOkroUvLmsVa.jpg,majlis-member-roster
212,20,Ibrahim Shifaz,އިބްރާހީމް ޝިފާޒް,Ungoofaaru,އުނގޫފާރު ދާއިރާ,PNC,38,https://majlis.gov.mv/storage/members/2O2Is2oGsbgjsdkPUtts0joYKNyDYrlYGGSiGljA.jpg,majlis-member-roster
213,20,Mohamed Ali,މުޙައްމަދު ޢަލީ,Dhuvaafaru,ދުވާފަރު ދާއިރާ,PNC,39,https://majlis.gov.mv/storage/members/hFUZ26e8lA3SliiWciKpw7uPPEhvoFRJ8W3Gr37H.jpg,majlis-member-roster
214,20,Ibrahim Falah,އިބްރާހީމް ފަލާޙް,Inguraidhoo,އިނގުރައިދޫ ދާއިރާ,PNC,40,https://majlis.gov.mv/storage/members/7i0PWYMdSeB9ea2Sh8dQxoGa1DgK6qKAzdz4amOF.jpg,majlis-member-roster
215,20,Ahmed Zahir,އަޙްމަދު ޒާހިރު,Maduvvari,މަޑުއްވަރި ދާއިރާ,PNC,41,https://majlis.gov.mv/storage/members/UYX4KewOxTzFAPuTnllyOLxsYdFfbY404ed3RBjE.jpg,majlis-member-roster
216,20,Abdul Hannan Aboobakuru,ޢަބްދުލްޙަންނާން އަބޫބަކުރު,Thulhaadhoo,ތުޅާދޫ ދާއިރާ,IND,42,https://majlis.gov.mv/storage/members/MXPU22Avy7BsCyv4bWRAWZBKBIgnaVwru7YBBW56.jpg,majlis-member-roster
217,20,Ahmed Saleem,އަޙްމަދު ސަލީމް,Eydhafushi,އޭދަފުށި ދާއިރާ,PNC,43,https://majlis.gov.mv/storage/members/h2oyJNIDii9wNWFlY7F5Jj69tqjthXZjvtvMNGBy.jpg,majlis-member-roster
218,20,Mauroof Zakir,މަޢުރޫފް ޛާކިރު,Kendhoo,ކެންދޫ ދާއިރާ,MDP,44,https://majlis.gov.mv/storage/members/D1LLpfMQjVuPbEi2TR4SHybXSjuiYMAMxFVcaY4n.jpg,majlis-member-roster
219,20,Mohamed Siruhaan,މުޙައްމަދު ސިރުހާން,Hithaadhoo,ހިތާދޫ ދާއިރާ,PNC,45,https://majlis.gov.mv/storage/members/GX5xcHKsSun1Fx5G2H5WC95khaG7G1J3OL0AJOsm.jpg,majlis-member-roster
220,20,Mohamed Abdul Rahman,މުޙައްމަދު ޢަބްދުއްރަޙްމާން,Hinnavaru,ހިންނަވަރު ދާއިރާ,PNC,46,https://majlis.gov.mv/storage/members/iPR3r5JGKdlZNzHm96BG253zsWHbaqCViRqsy5jV.jpg,majlis-member-roster
221,20,Yaaseen Abdulla,ޔާސީން ޢަބްދުﷲ,Naifaru,ނައިފަރު ދާއިރާ,PNC,47,https://majlis.gov.mv/storage/members/1nwSILWH6q4BL8wA1XRyz3kRNVja4Y8aAc96sOQO.jpg,majlis-member-roster
222,20,Mohamed Shamin Habeeb,މުޙައްމަދު ޝާމިން ޙަބީބު,Kurendhoo,ކުރެންދޫ ދާއިރާ,PNC,48,https://majlis.gov.mv/storage/members/P60rng93jJYLzjGqobnkMQUQpi2ULmOSpgqCXT7p.jpg,majlis-member-roster
223,20,Munthazim Ibrahim,މުންތަޡިމް އިބްރާހީމް,Kaashidhoo,ކާށިދޫ ދާއިރާ,PNC,49,https://majlis.gov.mv/storage/members/ceRdzQhnkLnH4rkH93UYpZaTjz6Zm5gie65gTrhz.jpg,majlis-member-roster
224,20,Ibrahim Naseem,އިބްރާހީމް ނަސީމް,Thulusdhoo,ތުލުސްދޫ ދާއިރާ,PNC,50,https://majlis.gov.mv/storage/members/NZcPy8abGWSxb0RDuHbZmfDpZ2MIyf2lM4vNC2wJ.jpg,majlis-member-roster
225,20,Hussain Riza Adam,ޙުސައިން ރިޟާ އާދަމް,Maafushi,މާފުށި ދާއިރާ,PNC,51,https://majlis.gov.mv/storage/members/CaSKl6EZ4TPfkYDrg0e7Rnkga3S7JsrokzCm52Wq.jpg,majlis-member-roster
227,20,Dr. Anara Naeem,ޑޮކްޓަރ އަނާރާ ނަޢީމް,Huraa,ހުރާ ދާއިރާ,PNC,52,https://majlis.gov.mv/storage/members/cCXEL8boLaQ1ofqPWPin4Kbv46EtFIt2vFodcswq.jpg,majlis-member-roster
228,20,Hassan Zareer,ޙަސަން ޒަރީރު,Mathiveri,މަތިވެރި ދާއިރާ,PNC,53,https://majlis.gov.mv/storage/members/wR9Ay8EMG0ZizNT72UNbLPrHSk6PaIx2h5poahzY.jpg,majlis-member-roster
230,20,Hussain Sameer,ޙުސައިން ސަމީރު,Thoddoo,ތޮއްޑޫ ދާއިރާ,MDP,54,https://majlis.gov.mv/storage/members/dhrzS1agARC771v5H6mQWD8nR37GjfMsMB0MuJS1.jpg,majlis-member-roster
232,20,Qasim Ibrahim,ޤާސިމް އިބްރާހީމް,Maamigili,މާމިގިލި ދާއިރާ,JP,55,https://majlis.gov.mv/storage/members/77xqDeGK38rN0b9PSwNpsA1sFWDe6cavAS5rDtGk.jpg,majlis-member-roster
234,20,Ahmed Thariq,އަޙްމަދު ޠާރިޤް,Mahibadhoo,މަހިބަދޫ ދާއިރާ,PNC,56,https://majlis.gov.mv/storage/members/ZSD2zRjdnIRtDiINjaylKto16u5GSiDvgHsMRZv8.jpg,majlis-member-roster
235,20,Abdulla Rasheed,ޢަބްދުﷲ ރަޝީދު,Dhangethi,ދަނގެތި ދާއިރާ,PNC,57,https://majlis.gov.mv/storage/members/83vZ3rQIdPcUxWKooG50iqsSO4vINpQELAKjJ0cW.jpg,majlis-member-roster
236,20,Adam Zahir,އާދަމް ޒާހިރު,Felidhoo,ފެލިދޫ ދާއިރާ,PNC,58,https://majlis.gov.mv/storage/members/fD2La3eJ41ejtkn6IRQLcm7K8ovsXfs46voYB9f5.jpg,majlis-member-roster
238,20,Mohamed Niushad,މުޙައްމަދު ނިއުޝާދު,Keyodhoo,ކެޔޮދޫ ދާއިރާ,MDP,59,https://majlis.gov.mv/storage/members/lX32P2XkNGWaBBbYzL0Wq75gvdEy6yZCCsMXYAc6.jpg,majlis-member-roster
240,20,Ahmed Nazim,އަޙްމަދު ނާޡިމް,Dhiggaru,ދިއްގަރު ދާއިރާ,PNC,60,https://majlis.gov.mv/storage/members/XD942ig5TFVuA0ZOBkGSFNiwxCZxp434iRuOoBe5.jpg,majlis-member-roster
241,20,Ibrahim Naufal,އިބްރާހީމް ނައުފަލް,Mulaku,މުލަކު ދާއިރާ,PNC,61,https://majlis.gov.mv/storage/members/aavW0VowpC0D1w9eiyB8exogM1l1uWh9qmr7VXkO.jpg,majlis-member-roster
243,20,Ahmed Aslam,އަޙްމަދު އަސްލަމް,Bilehdhoo,ބިލެތްދޫ ދާއިރާ,PNC,62,https://majlis.gov.mv/storage/members/JxOutDP8QTA0UOIyOolrdi6TZAhGDRs2GMlyKC81.jpg,majlis-member-roster
245,20,Fathimath Sauda,ފާޠިމަތު ސަޢުދާ,Nilandhoo,ނިލަންދޫ ދާއިރާ,PNC,63,https://majlis.gov.mv/storage/members/HQCxGldPqjJLzIYbjgPNppcoYiw6WTyZvJiJdIWf.jpg,majlis-member-roster
246,20,Ahmed Siyam Mohamed,އަޙްމަދު ސިޔާމް މުޙައްމަދު,Meedhoo,މީދޫ ދާއިރާ,MDA,64,https://majlis.gov.mv/storage/members/13LOiT1R8eKQUnFAi3vfensXVzZrhbhaXRnWCDs8.jpg,majlis-member-roster
248,20,Hussain Hameed,ޙުސައިން ޙަމީދު,Kudahuvadhoo,ކުޑަހުވަދޫ ދާއިރާ,PNC,65,https://majlis.gov.mv/storage/members/ZDygyhqSl5d7EcaOZdSnR506SzDUJJc6IuKZrvUF.jpg,majlis-member-roster
250,20,Hassan Waheed,ޙަސަން ވަޙީދު,Vilifushi,ވިލުފުށި ދާއިރާ,PNC,66,https://majlis.gov.mv/storage/members/jtn9117FnOY9hvUoMzSzBBFPNGaE0LIbYt2lZMLT.jpg,majlis-member-roster
251,20,Ahmed Riyaz,އަޙްމަދު ރިޔާޟް,Thimarafushi,ތިމަރަފުށި ދާއިރާ,PNC,67,https://majlis.gov.mv/storage/members/IojiW3p88cgn6Dr3VazKVyjir8DNzXfLtH1pFomg.jpg,majlis-member-roster
253,20,Ali Ashrag,ޢަލީ އަޝްރަޤް,Kinbidhoo,ކިނބިދޫ ދާއިރާ,PNC,68,https://majlis.gov.mv/storage/members/5XWVieEmIrRa5ToJrYRAiHx2mnOYXA30fMLiSwnR.jpg,majlis-member-roster
254,20,Hanan Mohamed Rasheed,ހަނާން މުޙައްމަދު ރަޝީދު,Guraidhoo,ގުރައިދޫ ދާއިރާ,PNC,69,https://majlis.gov.mv/storage/members/srr8M3ni2zd4iYQG438apESAQpzTOO5TE8aL0iIS.jpg,majlis-member-roster
255,20,Ismail Shafeeu,އިސްމާޢީލް ޝަފީޢު,Isdhoo,އިސްދޫ ދާއިރާ,PNC,70,https://majlis.gov.mv/storage/members/882LymjXhbYopJlYAsdBc3CBMJcIUS2Bb3fO3t76.jpg,majlis-member-roster
257,20,Yoosuf Nasheed,ޔޫސުފް ނަޝީދު,Gan,ގަމު ދާއިރާ,PNC,71,https://majlis.gov.mv/storage/members/Ph5kA44nUAvC58XlxtiJlK4I6bXm8ZG1yC8H5MIO.jpg,majlis-member-roster
259,20,Abdul Raheem Abdulla,ޢަބްދުއްރަޙީމް ޢަބްދުﷲ,Fonadhoo,ފޮނަދޫ ދާއިރާ,PNC,72,https://majlis.gov.mv/storage/members/VGM68HOVfEFyoBVbd34PPC7gwZFIRmT9RczYFcwA.jpg,majlis-member-roster
260,20,Ahmed Shakir,އަޙްމަދު ޝާކިރު,Maavashu,މާވަށު ދާއިރާ,MDP,73,https://majlis.gov.mv/storage/members/26B5uZumMRhSWmOyl9DDUZk2vLY0Rctenk6ZgmkZ.jpg,majlis-member-roster
262,20,Azim Abdul Azeez,ޢާޒިމް ޢަބްދުލްޢަޒީޒް,Vilingili,ވިލިނގިލި ދާއިރާ,PNC,74,https://majlis.gov.mv/storage/members/dWFNwo9iGoG4j5GB9IBhFSQH1ClcKkbPwGANfQBx.jpg,majlis-member-roster
264,20,Mohamed Fazeel,މުޙައްމަދު ފަޟީލް,Dhaandhoo,ދާންދޫ ދާއިރާ,PNC,75,https://majlis.gov.mv/storage/members/4UfYo2q4y6dyl1RbPLhQiZevj41wGyvqFmL9w4sU.jpg,majlis-member-roster
266,20,Asadhulla Shihab,އަސަދުﷲ ޝިހާބް,Gemanafushi,ގެމަނަފުށި ދާއިރާ,PNC,76,https://majlis.gov.mv/storage/members/jmTTap6SJweXdMGjILNEXyA5rJceLwUsPXxwTMzV.jpg,majlis-member-roster
267,20,Ibrahim Didi,އިބްރާހީމްދީދީ,Kolamaafushi,ކޮލަމާފުށި ދާއިރާ,PNC,77,https://majlis.gov.mv/storage/members/hu7DiLgnNXGaisXyhjquqYN7JEYuNipRfog3oxBm.jpg,majlis-member-roster
265,20,Saudulla Hilmy,ސަޢުދުﷲ ޙިލްމީ,North Thinadhoo,ތިނަދޫ އުތުރު ދާއިރާ,PNC,78,https://majlis.gov.mv/storage/members/Ht7HmoKLdqjaCdWV6iUIil7yRZt7uiPW3tYd7gAs.jpg,majlis-member-roster
263,20,Mohamed Alsan Ahmed,މުޙައްމަދު އަލްސަން އަޙްމަދު,South Thinadhoo,ތިނަދޫ ދެކުނު ދާއިރާ,PNC,79,https://majlis.gov.mv/storage/members/XKszLZhvYx916LX07L0Q9Dc8tG89tUns7OU2if5j.jpg,majlis-member-roster
261,20,Mohamed Shameez,މުޙައްމަދު ޝަމީޒް,Madaveli,މަޑަވެލި ދާއިރާ,PNC,80,https://majlis.gov.mv/storage/members/ymt2LDIrcGChnYsMITZhS9jDNJM8IuhJ5UTgmIFC.jpg,majlis-member-roster
258,20,Ashraf Rasheed,އަޝްރަފް ރަޝީދު,Faresmaathodaa,ފަރެސްމާތޮޑާ ދާއިރާ,PNC,81,https://majlis.gov.mv/storage/members/Sdil1bgJf0nB0nsFg8DtNyKB9vqp0bXRe2qYBdQH.jpg,majlis-member-roster
256,20,Mohamed Ali,މުޙައްމަދު ޢަލީ,Gadhdhoo,ގައްދޫ ދާއިރާ,PNC,82,https://majlis.gov.mv/storage/members/iAZfTVkoKRfpm9MREQegUB583BWLQeIm0s6jU3NM.jpg,majlis-member-roster
252,20,Hamad Abdulla,ޙަމަދު ޢަބްދުﷲ,North Fuvahmulah,ފުވައްމުލަކު އުތުރު ދާއިރާ,PNC,83,https://majlis.gov.mv/storage/members/4l4nfb3yEHOziL8dBpKKvzCHI0KySHqo0THzlnXI.jpg,majlis-member-roster
249,20,Ali Fazad,ޢަލީ ފަޒާދު,Central Fuvahmulah,ފުވައްމުލަކު މެދު ދާއިރާ,PNC,84,https://majlis.gov.mv/storage/members/Nq99gcXSMmUD6bhmgkqFprLT41ODYvynRkC2JskQ.jpg,majlis-member-roster
247,20,Ibrahim Hussain,އިބްރާހީމް ޙުސައިން,South Fuvahmulah,ފުވައްމުލަކު ދެކުނު ދާއިރާ,PNC,85,https://majlis.gov.mv/storage/members/1bk8KQO2PkfUPPicrvxPhl01bjbXCutOoHWalvHi.jpg,majlis-member-roster
244,20,Mohamed Shahid,މުޙައްމަދު ޝާހިދު,Hulhudhoo,ހުޅުދޫ ދާއިރާ,PNC,86,https://majlis.gov.mv/storage/members/oczfSGpPuOp4SGhIAb8j7T1EYb4mCpeBXzsTKHS7.jpg,majlis-member-roster
242,20,Ismail Nizar,އިސްމާޢީލް ނިޒާރު,North Feydhoo,ފޭދޫ އުތުރު ދާއިރާ,PNC,87,https://majlis.gov.mv/storage/members/trXooLAyp31GEMo6OzWKr3duzsLlaMrCJv3wJxG3.jpg,majlis-member-roster
239,20,Ibrahim Didi,އިބްރާހީމްދީދީ,South Feydhoo,ފޭދޫ ދެކުނު ދާއިރާ,PNC,88,https://majlis.gov.mv/storage/members/nfkyWxILJinFhF7G0oEZJ0FEmAJ8YadKclwUGdZ9.jpg,majlis-member-roster
237,20,Ahmed Didi,އަޙްމަދުދީދީ,Maradhoo,މަރަދޫ ދާއިރާ,MDP,89,https://majlis.gov.mv/storage/members/CBGUsWPEUEbXWfVWnHRkRQiEInBQMRYbzktLrcQQ.jpg,majlis-member-roster
268,20,Abdulla Sodig,ޢަބްދުالله ޞާދިޤު,North Hithadhoo,ހިތަދޫ އުތުރު ދާއިރާ,MDP,90,https://majlis.gov.mv/storage/members/Ce8JC8dShv0xFtSCqJjSun451JQA9HwhqfptnwJw.jpg,majlis-member-roster
231,20,Ahmed Azaan Marzooq,އަޙްމަދު އަޒާން މަރުޒޫޤު,Central Hithadhoo,ހިތަދޫ މެދު ދާއިރާ,PNC,91,https://majlis.gov.mv/storage/members/qWe4pJV10K9uMKWBK7PiYiqfxohNrjSZxfV03SQo.jpg,majlis-member-roster
229,20,Ibrahim Nazil,އިބްރާހީމް ނާޒިލް,South Hithadhoo,ހިތަދޫ ދެކުނު ދާއިރާ,MDP,92,https://majlis.gov.mv/storage/members/AuqET4joR0k0pLAIr3fm57iboHcedGkP6H62u912.jpg,majlis-member-roster
226,20,Abdul Rahman,ޢަބްދުއްރަޙްމާން,Addu Meedhoo,އައްޑޫމީދޫ ދާއިރާ,IND,93,https://majlis.gov.mv/storage/members/QrSAHOyjySGGyj0QXjfMnrbFOVxhvThdLGQvATfh.jpg,majlis-member-roster
233,20,Mohamed Sinan,މުޙައްމަދު ސިނާން,North Hithadhoo,ހިތަދޫ އުތުރު ދާއިރާ,PNC,,https://majlis.gov.mv/storage/members/T3kVS5yDDQwPmSBy6TOj1gdSz7o0C4LsLdJkKynR.jpg,majlis-member-roster
