row_id,name,name_dv,title,title_dv,constituency,constituency_dv,source_page,source_row,2014-2015,2015-2016,2016-2017,2017-2018,2018-2019,2019-2020,2020-2021,2021-2022,2022-2023,2023-2024,2024-2025,source_id
moosaa-maniku-hulhuhenveyru,moosaa maniku,މޫސާ މަނިކު,Alfaazil,އަލްފާޟިލް,hulhuhenveyru dhaairaa,ހުޅުހެންވޭރު ދާއިރާ,1,1,50000,37500,72000,72000,72000,24000,24000,24000,24000,24000,24000,majlis-health-insurance-2014-2025
alee-niyaaz-hulhumaale,alee niyaaz,ޢަލީ ނިޔާޒް,Alfaazil,އަލްފާޟިލް,hulhumaale dhaairaa,ހުޅުމާލެ ދާއިރާ,1,2,,,,,,96000,96000,96000,96000,96000,24000,majlis-health-insurance-2014-2025
alfaazeel-husain-shareefu-hulhumaale-uthuru,alfaazeel husain shareefu,އަލްފާޟީލް ޙުސައިން ޝަރީފު,,,hulhumaale uthuru dhaairaa,ހުޅުމާލެ އުތުރު ދާއިރާ,1,3,,,,,,,,,,,168000,majlis-health-insurance-2014-2025
abdhuullah-shadheem-hulhumaale-medhu,abdhuullah shadheem,ޢަބްދުﷲ ޝަޛީމް,Alfaazil,އަލްފާޟިލް,hulhumaale medhu dhaairaa,ހުޅުމާލެ މެދު ދާއިރާ,1,4,,,,,,,,,,,120000,majlis-health-insurance-2014-2025
ahmadhu-shamheedhu-hulhumaale-dhekunu,ahmadhu shamheedhu,އަޙްމަދު ޝަމްހީދު,Dr,ޑޮކްޓަރ,hulhumaale dhekunu dhaairaa,ހުޅުމާލެ ދެކުނު ދާއިރާ,1,5,,,,,,,,,,,96000,majlis-health-insurance-2014-2025
abdhuullah-shaahidhu-henveyru-uthuru,abdhuullah shaahidhu,ޢަބްދުﷲ ޝާހިދު,Alfaazil,އަލްފާޟިލް,henveyru uthuru dhaairaa,ހެންވޭރު އުތުރު ދާއިރާ,1,6,50000,50000,72000,72000,72000,,,,,,24000,majlis-health-insurance-2014-2025
ibraaheem-muizu-henveyru-uthuru,ibraaheem muizu,އިބްރާހީމް މުޢިއްޒު,Alfaazil,އަލްފާޟިލް,henveyru uthuru dhaairaa,ހެންވޭރު އުތުރު ދާއިރާ,1,7,,,,,,24000,96000,96000,96000,96000,24000,majlis-health-insurance-2014-2025
ahmadhu-aifaan-henveyru-uthuru,ahmadhu aifaan,އަޙްމަދު އައިފާން,Alfaazil,އަލްފާޟިލް,henveyru uthuru dhaairaa,ހެންވޭރު އުތުރު ދާއިރާ,1,8,,,,,,,,,,,72000,majlis-health-insurance-2014-2025
alee-aazim-medhuhenveyru,alee aazim,ޢަލީ ޢާޒިމް,Alfaazil,އަލްފާޟިލް,medhuhenveyru dhaairaa,މެދުހެންވޭރު ދާއިރާ,1,9,62500,62500,120000,120000,96000,48000,48000,48000,72000,48000,24000,majlis-health-insurance-2014-2025
husain-naasih-medhuhenveyru,husain naasih,ޙުސައިން ނާޞިޙް,Alfaazil,އަލްފާޟިލް,medhuhenveyru dhaairaa,މެދުހެންވޭރު ދާއިރާ,1,10,,,,,,,,,,,72000,majlis-health-insurance-2014-2025
haamidhu-abdhulghafooru-henveyru-dhekunu,haamidhu abdhulghafooru,ޙާމިދު ޢަބްދުލްޣަފޫރު,Alfaazil,އަލްފާޟިލް,henveyru dhekunu dhaairaa,ހެންވޭރު ދެކުނު ދާއިރާ,1,11,12500,12500,24000,24000,24000,24000,24000,24000,24000,24000,24000,majlis-health-insurance-2014-2025
muhamadhu-abdhulkareem-henveyru-dhekunu,muhamadhu abdhulkareem,މުޙައްމަދު ޢަބްދުލްކަރީމް,Alfaazil,އަލްފާޟިލް,henveyru dhekunu dhaairaa,ހެންވޭރު ދެކުނު ދާއިރާ,1,12,62500,62500,120000,144000,144000,24000,24000,24000,24000,24000,24000,majlis-health-insurance-2014-2025
husain-shaheem-henveyru-dhekunu,husain shaheem,ޙުސައިން ޝަހީމް,Alfaazil,އަލްފާޟިލް,henveyru dhekunu dhaairaa,ހެންވޭރު ދެކުނު ދާއިރާ,1,13,,,,,,96000,96000,96000,96000,96000,24000,majlis-health-insurance-2014-2025
husain-imraan-lateef-henveyru-dhekunu,husain imraan lateef,ޙުސައިން އިމްރާން ލަޠީފް,Alfaazil,އަލްފާޟިލް,henveyru dhekunu dhaairaa,ހެންވޭރު ދެކުނު ދާއިރާ,1,14,,,,,,,,,,,96000,majlis-health-insurance-2014-2025
hasan-lateef-henveyru-hulhangu,hasan lateef,ޙަސަން ލަޠީފް,Al-Ustaz,އަލްއުސްތާޛު,henveyru hulhangu dhaairaa,ހެންވޭރު ހުޅަނގު ދާއިރާ,1,15,,,,,,96000,96000,96000,96000,96000,24000,majlis-health-insurance-2014-2025
alee-ibraaheem-henveyru-hulhangu,alee ibraaheem,ޢަލީ އިބްރާހީމް,Alfaazil,އަލްފާޟިލް,henveyru hulhangu dhaairaa,ހެންވޭރު ހުޅަނގު ދާއިރާ,1,16,,,,,,,,,,,72000,majlis-health-insurance-2014-2025
eevaa-abdhuullah-galolhu-uthuru,eevaa abdhuullah,އީވާ ޢަބްދުﷲ,Alfaazilaa,އަލްފާޟިލާ,galolhu uthuru dhaairaa,ގަލޮޅު އުތުރު ދާއިރާ,1,17,37500,37500,72000,72000,72000,72000,72000,72000,72000,72000,24000,majlis-health-insurance-2014-2025
muhamadhu-ibraaheem-galolhu-uthuru,muhamadhu ibraaheem,މުޙައްމަދު އިބްރާހީމް,Alfaazil,އަލްފާޟިލް,galolhu uthuru dhaairaa,ގަލޮޅު އުތުރު ދާއިރާ,1,18,,,,,,,,,,,72000,majlis-health-insurance-2014-2025
ahmadhu-makhloof-galolhu-dhekunu,ahmadhu makhloof,އަޙްމަދު މަޚްލޫފް,Alfaazil,އަލްފާޟިލް,galolhu dhekunu dhaairaa,ގަލޮޅު ދެކުނު ދާއިރާ,1,19,37500,37500,72000,72000,72000,,,,,,24000,majlis-health-insurance-2014-2025
meekaaeelu-ahmadhu-naseem-galolhu-dhekunu,meekaaeelu ahmadhu naseem,މީކާއީލު އަޙްމަދު ނަސީމް,Alfaazil,އަލްފާޟިލް,galolhu dhekunu dhaairaa,ގަލޮޅު ދެކުނު ދާއިރާ,1,20,,,,,,24000,24000,24000,48000,48000,48000,majlis-health-insurance-2014-2025
maariyaa-ahmadhu-dheedhee-machangolhi-uthuru,maariyaa ahmadhu dheedhee,މާރިޔާ އަޙްމަދު ދީދީ,Al-Ustaza,އަލްއުސްތާޛާ,machangolhi uthuru dhaairaa,މައްޗަންގޮޅި އުތުރު ދާއިރާ,1,21,50000,50000,96000,96000,72000,,,,,,24000,majlis-health-insurance-2014-2025
muhamadhu-rasheedhu-machangolhi-uthuru,muhamadhu rasheedhu,މުޙައްމަދު ރަޝީދު,Alfaazil,އަލްފާޟިލް,machangolhi uthuru dhaairaa,މައްޗަންގޮޅި އުތުރު ދާއިރާ,1,22,,,,,,72000,72000,96000,72000,96000,24000,majlis-health-insurance-2014-2025
ibraaheem-muhamadhu-machangolhi-uthuru,ibraaheem muhamadhu,އިބްރާހީމް މުޙައްމަދު,Alfaazil,އަލްފާޟިލް,machangolhi uthuru dhaairaa,މައްޗަންގޮޅި އުތުރު ދާއިރާ,1,23,,,,,,,,,,,72000,majlis-health-insurance-2014-2025
muhamadhu-nasheedhu-machangolhi-medhu,muhamadhu nasheedhu,މުޙައްމަދު ނަޝީދު,Alfaazil,އަލްފާޟިލް,machangolhi medhu dhaairaa,މައްޗަންގޮޅި މެދު ދާއިރާ,1,24,,,,,,72000,72000,48000,48000,24000,,majlis-health-insurance-2014-2025
ahmadhu-zameeru-machangolhi-medhu,ahmadhu zameeru,އަޙްމަދު ޟަމީރު,Alfaazil,އަލްފާޟިލް,machangolhi medhu dhaairaa,މައްޗަންގޮޅި މެދު ދާއިރާ,1,25,,,,,,,,,,,120000,majlis-health-insurance-2014-2025
abdhuullah-sinaan-machangolhi-dhekunu,abdhuullah sinaan,ޢަބްދުﷲ ސިނާން,Alfaazil,އަލްފާޟިލް,machangolhi dhekunu dhaairaa,މައްޗަންގޮޅި ދެކުނު ދާއިރާ,1,27,12500,12500,24000,24000,24000,24000,24000,24000,24000,24000,24000,majlis-health-insurance-2014-2025
ahmadhu-khaitham-machangolhi-dhekunu,ahmadhu khaitham,އަޙްމަދު ޚައިތަމް,Alfaazil,އަލްފާޟިލް,machangolhi dhekunu dhaairaa,މައްޗަންގޮޅި ދެކުނު ދާއިރާ,1,28,,,,,,96000,96000,72000,144000,144000,24000,majlis-health-insurance-2014-2025
mustafaa-husain-machangolhi-dhekunu,mustafaa husain,މުޞްޠަފާ ޙުސައިން,Alfaazil,އަލްފާޟިލް,machangolhi dhekunu dhaairaa,މައްޗަންގޮޅި ދެކުނު ދާއިރާ,1,29,,,,,,,,,,,72000,majlis-health-insurance-2014-2025
imthiyaaz-fahumee-maafannu-uthuru,imthiyaaz fahumee,އިމްތިޔާޒް ފަހުމީ,Al-Ustaz,އަލްއުސްތާޛު,maafannu uthuru dhaairaa,މާފަންނު އުތުރު ދާއިރާ,1,30,25000,25000,48000,72000,72000,72000,72000,72000,72000,72000,24000,majlis-health-insurance-2014-2025
muhamadhu-naazim-dhangethi,muhamadhu naazim,މުޙައްމަދު ނާޡިމް,Alfaazil,އަލްފާޟިލް,dhangethi dhaairaa,ދަނގެތި ދާއިރާ,1,31,,,,,,72000,72000,72000,72000,48000,,majlis-health-insurance-2014-2025
muhamadhu-naazim-maafannu-uthuru,muhamadhu naazim,މުޙައްމަދު ނާޡިމް,Alfaazil,އަލްފާޟިލް,maafannu uthuru dhaairaa,މާފަންނު އުތުރު ދާއިރާ,1,31,,,,,,,,,,,48000,majlis-health-insurance-2014-2025
ibraaheem-rasheedhu-maafannu-dhekunu,ibraaheem rasheedhu,އިބްރާހީމް ރަޝީދު,Alfaazil,އަލްފާޟިލް,maafannu dhekunu dhaairaa,މާފަންނު ދެކުނު ދާއިރާ,1,32,12500,12500,24000,24000,24000,,,,,,,majlis-health-insurance-2014-2025
ibraaheem-rasheedhu-maafannu-medhu,ibraaheem rasheedhu,އިބްރާހީމް ރަޝީދު,Alfaazil,އަލްފާޟިލް,maafannu medhu dhaairaa,މާފަންނު މެދު ދާއިރާ,1,32,,,,,,72000,72000,72000,72000,48000,24000,majlis-health-insurance-2014-2025
alfaazlaa-asmaa-rasheedhu-maafannu-medhu,alfaazlaa asmaa rasheedhu,އަލްފާޟލާ އަސްމާ ރަޝީދު,,,maafannu medhu dhaairaa,މާފަންނު މެދު ދާއިރާ,1,33,25000,25000,48000,48000,48000,24000,24000,24000,24000,24000,24000,majlis-health-insurance-2014-2025
abdhuullah-rifaau-maafannu-dhekunu,abdhuullah rifaau,ޢަބްދުﷲ ރިފާޢު,Alfaazil,އަލްފާޟިލް,maafannu dhekunu dhaairaa,މާފަންނު ދެކުނު ދާއިރާ,1,34,75000,87500,168000,168000,168000,24000,24000,24000,24000,24000,168000,majlis-health-insurance-2014-2025
aadham-alee-maafannu-dhekunu,aadham alee,އާދަމް ޢަލީ,Alfaazil,އަލްފާޟިލް,maafannu dhekunu dhaairaa,މާފަންނު ދެކުނު ދާއިރާ,1,35,,,,,,72000,72000,72000,72000,72000,24000,majlis-health-insurance-2014-2025
abdhuullah-abdhuraheem-maafannu-hulhangu,abdhuullah abdhuraheem,ޢަބްދުﷲ ޢަބްދުއްރަޙީމް,Alfaazil,އަލްފާޟިލް,maafannu hulhangu dhaairaa,މާފަންނު ހުޅަނގު ދާއިރާ,1,36,12500,12500,24000,24000,24000,24000,24000,24000,24000,24000,24000,majlis-health-insurance-2014-2025
muhamadhu-falaah-maafannu-hulhangu,muhamadhu falaah,މުޙައްމަދު ފަލާޙް,Alfaazil,އަލްފާޟިލް,maafannu hulhangu dhaairaa,މާފަންނު ހުޅަނގު ދާއިރާ,1,37,50000,62500,72000,72000,72000,72000,72000,72000,72000,48000,24000,majlis-health-insurance-2014-2025
muhamadhu-mustafaa-ibraaheem-maafannu-hulhangu,muhamadhu mustafaa ibraaheem,މުޙައްމަދު މުޞްޠަފާ އިބްރާހީމް,,,maafannu hulhangu dhaairaa,މާފަންނު ހުޅަނގު ދާއިރާ,1,38,,,,,,,,,,,96000,majlis-health-insurance-2014-2025
ahmadhu-nihaan-husainmaniku-vilimaafannu,ahmadhu nihaan husainmaniku,އަޙްމަދު ނިހާން ޙުސައިންމަނިކު,Alfaazil,އަލްފާޟިލް,vilimaafannu dhaairaa,ވިލިމާފަންނު ދާއިރާ,1,39,,,,,,24000,24000,24000,24000,24000,24000,majlis-health-insurance-2014-2025
ahmadhu-nihaan-husainmaniku-vilimaale,ahmadhu nihaan husainmaniku,އަޙްމަދު ނިހާން ޙުސައިންމަނިކު,Alfaazil,އަލްފާޟިލް,vilimaale dhaairaa,ވިލިމާލެ ދާއިރާ,1,39,37500,37500,72000,96000,72000,,,,,,,majlis-health-insurance-2014-2025
ahmadhu-ushaam-vilimaale,ahmadhu ushaam,އަޙްމަދު އުޝާމް,Al-Ustaz,އަލްއުސްތާޛު,vilimaale dhaairaa,ވިލިމާލެ ދާއިރާ,1,40,,,,,,72000,72000,72000,96000,96000,,majlis-health-insurance-2014-2025
muhamadhu-ismaaeel-hoarafushi,muhamadhu ismaaeel,މުޙައްމަދު އިސްމާޢީލް,Alfaazil,އަލްފާޟިލް,hoarafushi dhaairaa,ހޯރަފުށި ދާއިރާ,1,41,50000,50000,96000,96000,96000,24000,24000,24000,24000,24000,,majlis-health-insurance-2014-2025
muhamadhu-ismaaeel-vilimaale,muhamadhu ismaaeel,މުޙައްމަދު އިސްމާޢީލް,Alfaazil,އަލްފާޟިލް,vilimaale dhaairaa,ވިލިމާލެ ދާއިރާ,1,41,,,,,,,,,,,144000,majlis-health-insurance-2014-2025
ahmadhu-rasheedhu-hoarafushi,ahmadhu rasheedhu,އަޙްމަދު ރަޝީދު,Alfaazil,އަލްފާޟިލް,hoarafushi dhaairaa,ހޯރަފުށި ދާއިރާ,1,42,12500,12500,24000,24000,24000,24000,24000,24000,24000,24000,24000,majlis-health-insurance-2014-2025
ahmadhu-saleem-hoarafushi,ahmadhu saleem,އަޙްމަދު ސަލީމް,Alfaazil,އަލްފާޟިލް,hoarafushi dhaairaa,ހޯރަފުށި ދާއިރާ,1,43,,,,,,48000,72000,48000,72000,72000,24000,majlis-health-insurance-2014-2025
alee-moosaa-hoarafushi,alee moosaa,ޢަލީ މޫސާ,Alfaazil,އަލްފާޟިލް,hoarafushi dhaairaa,ހޯރަފުށި ދާއިރާ,1,44,,,,,,,,,,,72000,majlis-health-insurance-2014-2025
ahmadhu-abdhuullah-ihavandhoo,ahmadhu abdhuullah,އަޙްމަދު ޢަބްދުﷲ,Alfaazil,އަލްފާޟިލް,ihavandhoo dhaairaa,އިހަވަންދޫ ދާއިރާ,1,45,12500,12500,24000,24000,24000,,,,,,,majlis-health-insurance-2014-2025
ahmadhu-abdhuullah-baarashu,ahmadhu abdhuullah,އަޙްމަދު ޢަބްދުﷲ,Alfaazil,އަލްފާޟިލް,baarashu dhaairaa,ބާރަށު ދާއިރާ,1,45,,,,,,72000,72000,72000,96000,96000,24000,majlis-health-insurance-2014-2025
muhamadhu-abdhuullah-ihavandhoo,muhamadhu abdhuullah,މުޙައްމަދު ޢަބްދުﷲ,Alfaazil,އަލްފާޟިލް,ihavandhoo dhaairaa,އިހަވަންދޫ ދާއިރާ,1,46,75000,100000,192000,192000,216000,24000,24000,24000,24000,24000,24000,majlis-health-insurance-2014-2025
muhamadhu-shifaau-ihavandhoo,muhamadhu shifaau,މުޙައްމަދު ޝިފާޢު,Alfaazil,އަލްފާޟިލް,ihavandhoo dhaairaa,އިހަވަންދޫ ދާއިރާ,1,47,,,,,,96000,96000,96000,120000,120000,24000,majlis-health-insurance-2014-2025
ahmadhu-naseeru-ihavandhoo,ahmadhu naseeru,އަޙްމަދު ނަޞީރު,Alfaazil,އަލްފާޟިލް,ihavandhoo dhaairaa,އިހަވަންދޫ ދާއިރާ,1,48,,,,,,,,,,,72000,majlis-health-insurance-2014-2025
muhamadhu-shifaaz-baarashu,muhamadhu shifaaz,މުޙައްމަދު ޝިފާޒް,Alfaazil,އަލްފާޟިލް,baarashu dhaairaa,ބާރަށު ދާއިރާ,1,49,12500,12500,24000,24000,24000,24000,24000,24000,24000,24000,24000,majlis-health-insurance-2014-2025
ibraaheem-shujaau-baarashu,ibraaheem shujaau,އިބްރާހީމް ޝުޖާޢު,Alfaazil,އަލްފާޟިލް,baarashu dhaairaa,ބާރަށު ދާއިރާ,1,50,50000,50000,96000,96000,96000,24000,24000,24000,24000,24000,120000,majlis-health-insurance-2014-2025
ahmadhu-sameeru-dhidhoo,ahmadhu sameeru,އަޙްމަދު ސަމީރު,Alfaazil,އަލްފާޟިލް,dhidhoo dhaairaa,ދިއްދޫ ދާއިރާ,1,51,12500,12500,24000,24000,24000,24000,24000,24000,24000,24000,24000,majlis-health-insurance-2014-2025
abdhulateef-muhamadhu-dhidhoo,abdhulateef muhamadhu,ޢަބްދުއްލަޠީފް މުޙައްމަދު,Alfaazil,އަލްފާޟިލް,dhidhoo dhaairaa,ދިއްދޫ ދާއިރާ,1,52,25000,25000,48000,48000,48000,24000,24000,24000,24000,24000,24000,majlis-health-insurance-2014-2025
abdhuullah-vaheedhu-dhidhoo,abdhuullah vaheedhu,ޢަބްދުﷲ ވަޙީދު,Alfaazil,އަލްފާޟިލް,dhidhoo dhaairaa,ދިއްދޫ ދާއިރާ,1,53,,,,,,72000,72000,72000,72000,72000,24000,majlis-health-insurance-2014-2025
abdhuullah-mausoom-kelaa,abdhuullah mausoom,ޢަބްދުﷲ މަޢުޞޫމް,Dr,ޑޮކްޓަރ,kelaa dhaairaa,ކެލާ ދާއިރާ,1,54,12500,12500,24000,24000,24000,24000,24000,,,,24000,majlis-health-insurance-2014-2025
alee-aarif-kelaa,alee aarif,ޢަލީ ޢާރިފް,Alfaazil,އަލްފާޟިލް,kelaa dhaairaa,ކެލާ ދާއިރާ,1,55,50000,50000,96000,96000,72000,24000,24000,24000,24000,24000,,majlis-health-insurance-2014-2025
ibraaheem-shareef-kelaa,ibraaheem shareef,އިބްރާހީމް ޝަރީފް,Alfaazil,އަލްފާޟިލް,kelaa dhaairaa,ކެލާ ދާއިރާ,1,56,,,,,,72000,48000,72000,72000,72000,24000,majlis-health-insurance-2014-2025
abdhuullah-shareef-kelaa,abdhuullah shareef,ޢަބްދުﷲ ޝަރީފް,Alfaazil,އަލްފާޟިލް,kelaa dhaairaa,ކެލާ ދާއިރާ,1,57,,,,,,,,,,,120000,majlis-health-insurance-2014-2025
muhamadhu-mujuthaaz-hanimaadhoo,muhamadhu mujuthaaz,މުޙައްމަދު މުޖުތާޒް,Al-Ustaz,އަލްއުސްތާޛު,hanimaadhoo dhaairaa,ހަނިމާދޫ ދާއިރާ,1,58,12500,12500,24000,24000,24000,24000,24000,24000,24000,24000,24000,majlis-health-insurance-2014-2025
husain-shahudhee-hanimaadhoo,husain shahudhee,ޙުސައިން ޝަހުދީ,Alfaazil,އަލްފާޟިލް,hanimaadhoo dhaairaa,ހަނިމާދޫ ދާއިރާ,1,59,62500,62500,120000,120000,120000,24000,24000,24000,24000,24000,24000,majlis-health-insurance-2014-2025
abdhulghafooru-moosaa-kulhudhufushi-uthuru,abdhulghafooru moosaa,ޢަބްދުލްޣަފޫރު މޫސާ,Alfaazil,އަލްފާޟިލް,kulhudhufushi uthuru dhaairaa,ކުޅުދުއްފުށި އުތުރު ދާއިރާ,2,60,25000,25000,48000,48000,48000,,,,,,,majlis-health-insurance-2014-2025
abdhulghafooru-moosaa-hanimaadhoo,abdhulghafooru moosaa,ޢަބްދުލްޣަފޫރު މޫސާ,Alfaazil,އަލްފާޟިލް,hanimaadhoo dhaairaa,ހަނިމާދޫ ދާއިރާ,2,60,,,,,,48000,48000,48000,48000,48000,48000,majlis-health-insurance-2014-2025
muhamadhu-nasheedhu-nolhivaram,muhamadhu nasheedhu,މުޙައްމަދު ނަޝީދު,Alfaazil,އަލްފާޟިލް,nolhivaram dhaairaa,ނޮޅިވަރަމް ދާއިރާ,2,61,12500,12500,24000,24000,24000,24000,24000,24000,24000,24000,24000,majlis-health-insurance-2014-2025
husain-areef-nolhivaram,husain areef,ޙުސައިން ޢަރީފް,Alfaazil,އަލްފާޟިލް,nolhivaram dhaairaa,ނޮޅިވަރަމް ދާއިރާ,2,62,25000,25000,48000,48000,48000,24000,24000,24000,24000,24000,24000,majlis-health-insurance-2014-2025
muhamadhu-nasheedhu-abdhuullah-nolhivaram,muhamadhu nasheedhu abdhuullah,މުޙައްމަދު ނަޝީދު ޢަބްދުﷲ,Alfaazil,އަލްފާޟިލް,nolhivaram dhaairaa,ނޮޅިވަރަމް ދާއިރާ,2,63,,,,,,72000,72000,72000,72000,72000,24000,majlis-health-insurance-2014-2025
muhamadhu-rasheedhu-nolhivaram,muhamadhu rasheedhu,މުޙައްމަދު ރަޝީދު,Alfaazil,އަލްފާޟިލް,nolhivaram dhaairaa,ނޮޅިވަރަމް ދާއިރާ,2,64,,,,,,,,,,,48000,majlis-health-insurance-2014-2025
muhamadhu-naazim-vaikaradhoo,muhamadhu naazim,މުޙައްމަދު ނާޡިމް,Alfaazil,އަލްފާޟިލް,vaikaradhoo dhaairaa,ވައިކަރަދޫ ދާއިރާ,2,65,50000,50000,96000,96000,96000,24000,24000,24000,24000,24000,24000,majlis-health-insurance-2014-2025
husain-ziyaadhu-vaikaradhoo,husain ziyaadhu,ޙުސައިން ޒިޔާދު,Alfaazil,އަލްފާޟިލް,vaikaradhoo dhaairaa,ވައިކަރަދޫ ދާއިރާ,2,66,,,,,,72000,72000,72000,72000,72000,72000,majlis-health-insurance-2014-2025
yaasiru-abdhulateef-kulhudhufushi-uthuru,yaasiru abdhulateef,ޔާސިރު ޢަބްދުއްލަޠީފް,Alfaazil,އަލްފާޟިލް,kulhudhufushi uthuru dhaairaa,ކުޅުދުއްފުށި އުތުރު ދާއިރާ,2,67,,,,,,24000,96000,96000,96000,96000,24000,majlis-health-insurance-2014-2025
muhamadhu-dhaaoodhu-kulhudhufushi-uthuru,muhamadhu dhaaoodhu,މުޙައްމަދު ދާއޫދު,Alfaazil,އަލްފާޟިލް,kulhudhufushi uthuru dhaairaa,ކުޅުދުއްފުށި އުތުރު ދާއިރާ,2,68,,,,,,,,,,,96000,majlis-health-insurance-2014-2025
muhamadhu-nasheedhu-kulhudhufushi-dhekunu,muhamadhu nasheedhu,މުޙައްމަދު ނަޝީދު,Al-Ustaz,އަލްއުސްތާޛު,kulhudhufushi dhekunu dhaairaa,ކުޅުދުއްފުށި ދެކުނު ދާއިރާ,2,69,12500,12500,24000,24000,24000,24000,24000,24000,24000,24000,24000,majlis-health-insurance-2014-2025
jamsheedhu-muhamadhu-kulhudhufushi-dhekunu,jamsheedhu muhamadhu,ޖަމްޝީދު މުޙައްމަދު,Alfaazil,އަލްފާޟިލް,kulhudhufushi dhekunu dhaairaa,ކުޅުދުއްފުށި ދެކުނު ދާއިރާ,2,70,,,,,,48000,48000,48000,48000,48000,24000,majlis-health-insurance-2014-2025
faruhathu-muhamadhu-kulhudhufushi-dhekunu,faruhathu muhamadhu,ފަރުޙަތު މުޙައްމަދު,Alfaazil,އަލްފާޟިލް,kulhudhufushi dhekunu dhaairaa,ކުޅުދުއްފުށި ދެކުނު ދާއިރާ,2,71,,,,,,,,,,,72000,majlis-health-insurance-2014-2025
muhamadhu-raaee-makunudhoo,muhamadhu raaee,މުޙައްމަދު ރާޢީ,Alfaazil,އަލްފާޟިލް,makunudhoo dhaairaa,މަކުނުދޫ ދާއިރާ,2,72,,,,,,96000,96000,96000,96000,96000,24000,majlis-health-insurance-2014-2025
aadham-shafeequ-makunudhoo,aadham shafeequ,އާދަމް ޝަފީޤު,Alfaazil,އަލްފާޟިލް,makunudhoo dhaairaa,މަކުނުދޫ ދާއިރާ,2,73,,,,,,,,,,,96000,majlis-health-insurance-2014-2025
muhamadhu-husain-kanditheemu,muhamadhu husain,މުޙައްމަދު ޙުސައިން,Alfaazil,އަލްފާޟިލް,kanditheemu dhaairaa,ކަނޑިތީމު ދާއިރާ,2,74,25000,25000,48000,48000,48000,24000,24000,24000,24000,24000,24000,majlis-health-insurance-2014-2025
abdhuullah-shaheem-abdhulhakeem-kanditheemu,abdhuullah shaheem abdhulhakeem,ޢަބްދުﷲ ޝަހީމް ޢަބްދުލްޙަކީމް,Alfaazil,އަލްފާޟިލް,kanditheemu dhaairaa,ކަނޑިތީމު ދާއިރާ,2,75,,,,,,120000,120000,120000,96000,72000,24000,majlis-health-insurance-2014-2025
ameen-faisal-kanditheemu,ameen faisal,އަމީން ފައިޞަލް,Alfaazil,އަލްފާޟިލް,kanditheemu dhaairaa,ކަނޑިތީމު ދާއިރާ,2,76,,,,,,,,,,,96000,majlis-health-insurance-2014-2025
alee-rizaa-milandhoo,alee rizaa,ޢަލީ ރިޟާ,Alfaazil,އަލްފާޟިލް,milandhoo dhaairaa,މިލަންދޫ ދާއިރާ,2,77,12500,12500,24000,24000,24000,24000,96000,96000,72000,72000,24000,majlis-health-insurance-2014-2025
hasan-mufeedhu-abdhulqaadhiru-milandhoo,hasan mufeedhu abdhulqaadhiru,ޙަސަން މުފީދު ޢަބްދުލްޤާދިރު,Alfaazil,އަލްފާޟިލް,milandhoo dhaairaa,މިލަންދޫ ދާއިރާ,2,78,75000,75000,144000,144000,144000,24000,24000,24000,24000,24000,144000,majlis-health-insurance-2014-2025
husain-vaheedhu-komandoo,husain vaheedhu,ޙުސައިން ވަޙީދު,Alfaazil,އަލްފާޟިލް,komandoo dhaairaa,ކޮމަންޑޫ ދާއިރާ,2,79,12500,12500,24000,24000,24000,72000,72000,72000,,,,majlis-health-insurance-2014-2025
ahmadhu-naashidhu-komandoo,ahmadhu naashidhu,އަޙްމަދު ނާޝިދު,Alfaazil,އަލްފާޟިލް,komandoo dhaairaa,ކޮމަންޑޫ ދާއިރާ,2,80,37500,25000,48000,48000,48000,24000,24000,24000,24000,24000,24000,majlis-health-insurance-2014-2025
muhamadhu-raashidhu-komandoo,muhamadhu raashidhu,މުޙައްމަދު ރާޝިދު,Alfaazil,އަލްފާޟިލް,komandoo dhaairaa,ކޮމަންޑޫ ދާއިރާ,2,81,,,,,,,,,120000,96000,,majlis-health-insurance-2014-2025
muhamadhu-ibraaheem-komandoo,muhamadhu ibraaheem,މުޙައްމަދު އިބްރާހީމް,Alfaazil,އަލްފާޟިލް,komandoo dhaairaa,ކޮމަންޑޫ ދާއިރާ,2,82,,,,,,,,,,,72000,majlis-health-insurance-2014-2025
alee-saleem-funadhoo,alee saleem,ޢަލީ ސަލީމް,Alfaazil,އަލްފާޟިލް,funadhoo dhaairaa,ފުނަދޫ ދާއިރާ,2,83,25000,25000,48000,48000,48000,24000,24000,24000,24000,24000,24000,majlis-health-insurance-2014-2025
muhamadhu-shaahidhu-funadhoo,muhamadhu shaahidhu,މުޙައްމަދު ޝާހިދު,Alfaazil,އަލްފާޟިލް,funadhoo dhaairaa,ފުނަދޫ ދާއިރާ,2,84,,,,,,72000,72000,72000,72000,72000,24000,majlis-health-insurance-2014-2025
muhamadhu-mamdhooh-funadhoo,muhamadhu mamdhooh,މުޙައްމަދު މަމްދޫޙް,Alfaazil,އަލްފާޟިލް,funadhoo dhaairaa,ފުނަދޫ ދާއިރާ,2,85,,,,,,,,,,,24000,majlis-health-insurance-2014-2025
ahmadhu-eesaa-kendhikulhudhoo,ahmadhu eesaa,އަޙްމަދު ޢީސާ,Alfaazil,އަލްފާޟިލް,kendhikulhudhoo dhaairaa,ކެނދިކުޅުދޫ ދާއިރާ,2,86,12500,12500,24000,24000,24000,48000,48000,48000,48000,48000,24000,majlis-health-insurance-2014-2025
alee-mauroof-kendhikulhudhoo,alee mauroof,ޢަލީ މަޢުރޫފް,Alfaazil,އަލްފާޟިލް,kendhikulhudhoo dhaairaa,ކެނދިކުޅުދޫ ދާއިރާ,2,87,50000,50000,72000,72000,48000,24000,24000,24000,24000,24000,24000,majlis-health-insurance-2014-2025
muhamadhu-afoo-haamidhu-kendhikulhudhoo,muhamadhu afoo haamidhu,މުޙައްމަދު ޢަފޫ ޙާމިދު,,,kendhikulhudhoo dhaairaa,ކެނދިކުޅުދޫ ދާއިރާ,2,88,,,,,,,,,,,96000,majlis-health-insurance-2014-2025
muhamadhu-taariq-manadhoo,muhamadhu taariq,މުޙައްމަދު ޠާރިޤް,Alfaazil,އަލްފާޟިލް,manadhoo dhaairaa,މަނަދޫ ދާއިރާ,2,89,12500,12500,24000,24000,24000,24000,24000,24000,24000,24000,24000,majlis-health-insurance-2014-2025
umaru-husain-manadhoo,umaru husain,ޢުމަރު ޙުސައިން,Alfaazil,އަލްފާޟިލް,manadhoo dhaairaa,މަނަދޫ ދާއިރާ,2,90,25000,25000,48000,48000,48000,24000,24000,24000,24000,24000,24000,majlis-health-insurance-2014-2025
ahmadhu-haaroon-manadhoo,ahmadhu haaroon,އަޙްމަދު ހާރޫން,Alfaazil,އަލްފާޟިލް,manadhoo dhaairaa,މަނަދޫ ދާއިރާ,2,91,,,,,,96000,96000,96000,96000,96000,24000,majlis-health-insurance-2014-2025
husnee-mubaarik-manadhoo,husnee mubaarik,ޙުސްނީ މުބާރިކް,Al-Ustaz,އަލްއުސްތާޛު,manadhoo dhaairaa,މަނަދޫ ދާއިރާ,2,92,,,,,,,,,,,96000,majlis-health-insurance-2014-2025
abdhuullah-yaamin-velidhoo,abdhuullah yaamin,ޢަބްދުﷲ ޔާމިން,Alfaazil,އަލްފާޟިލް,velidhoo dhaairaa,ވެލިދޫ ދާއިރާ,2,93,12500,12500,24000,24000,24000,24000,24000,24000,24000,24000,24000,majlis-health-insurance-2014-2025
muhamadhu-abdhuullah-shafeeq-velidhoo,muhamadhu abdhuullah shafeeq,މުޙައްމަދު ޢަބްދުﷲ ޝަފީޤް,Alfaazil,އަލްފާޟިލް,velidhoo dhaairaa,ވެލިދޫ ދާއިރާ,2,94,,,,,,72000,72000,72000,72000,72000,24000,majlis-health-insurance-2014-2025
muhamadhu-abaas-velidhoo,muhamadhu abaas,މުޙައްމަދު ޢައްބާސް,Alfaazil,އަލްފާޟިލް,velidhoo dhaairaa,ވެލިދޫ ދާއިރާ,2,95,,,,,,,,,,,120000,majlis-health-insurance-2014-2025
yoonus-alee-holhudhoo,yoonus alee,ޔޫނުސް ޢަލީ,Alfaazil,އަލްފާޟިލް,holhudhoo dhaairaa,ހޮޅުދޫ ދާއިރާ,2,96,,,,,,72000,72000,72000,72000,72000,24000,majlis-health-insurance-2014-2025
alee-muhamadhu-holhudhoo,alee muhamadhu,ޢަލީ މުޙައްމަދު,Alfaazil,އަލްފާޟިލް,holhudhoo dhaairaa,ހޮޅުދޫ ދާއިރާ,2,97,37500,37500,48000,48000,48000,24000,24000,24000,24000,24000,24000,majlis-health-insurance-2014-2025
abdhusathaaru-muhamadhu-holhudhoo,abdhusathaaru muhamadhu,ޢަބްދުއްސައްތާރު މުޙައްމަދު,Al-Ustaz,އަލްއުސްތާޛު,holhudhoo dhaairaa,ހޮޅުދޫ ދާއިރާ,2,98,,,,,,,,,,,168000,majlis-health-insurance-2014-2025
muhamadhu-rasheedhu-husain-alifushi,muhamadhu rasheedhu husain,މުޙައްމަދު ރަޝީދު ޙުސައިން,Alfaazil,އަލްފާޟިލް,alifushi dhaairaa,އަލިފުށި ދާއިރާ,2,99,37500,37500,72000,72000,48000,48000,48000,48000,48000,48000,24000,majlis-health-insurance-2014-2025
abdhulateef-abdhurahmaanu-alifushi,abdhulateef abdhurahmaanu,ޢަބްދުއްލަޠީފް ޢަބްދުއްރަޙްމާނު,Alfaazil,އަލްފާޟިލް,alifushi dhaairaa,އަލިފުށި ދާއިރާ,2,100,,,,,,,,,,,72000,majlis-health-insurance-2014-2025
jaufaru-dhaaoodhu-ungoofaaru,jaufaru dhaaoodhu,ޖަޢުފަރު ދާއޫދު,Alfaazil,އަލްފާޟިލް,ungoofaaru dhaairaa,އުނގޫފާރު ދާއިރާ,2,102,50000,37500,72000,72000,72000,24000,24000,24000,24000,24000,24000,majlis-health-insurance-2014-2025
muhamadhu-vaheedhu-ungoofaaru,muhamadhu vaheedhu,މުޙައްމަދު ވަޙީދު,Alfaazil,އަލްފާޟިލް,ungoofaaru dhaairaa,އުނގޫފާރު ދާއިރާ,2,103,,,,,,24000,72000,72000,72000,72000,24000,majlis-health-insurance-2014-2025
ibraaheem-shifaaz-ungoofaaru,ibraaheem shifaaz,އިބްރާހީމް ޝިފާޒް,Alfaazil,އަލްފާޟިލް,ungoofaaru dhaairaa,އުނގޫފާރު ދާއިރާ,2,104,,,,,,,,,,,120000,majlis-health-insurance-2014-2025
muhamadhu-zubairu-dhuvaafaru,muhamadhu zubairu,މުޙައްމަދު ޒުބައިރު,Alfaazil,އަލްފާޟިލް,dhuvaafaru dhaairaa,ދުވާފަރު ދާއިރާ,2,105,12500,12500,24000,24000,24000,24000,24000,24000,24000,24000,24000,majlis-health-insurance-2014-2025
muhamadhu-alee-dhuvaafaru,muhamadhu alee,މުޙައްމަދު ޢަލީ,Alfaazil,އަލްފާޟިލް,dhuvaafaru dhaairaa,ދުވާފަރު ދާއިރާ,2,106,50000,50000,96000,96000,96000,24000,24000,24000,24000,24000,120000,majlis-health-insurance-2014-2025
ismaaeel-ahmadhu-dhuvaafaru,ismaaeel ahmadhu,އިސްމާޢީލް އަޙްމަދު,Alfaazil,އަލްފާޟިލް,dhuvaafaru dhaairaa,ދުވާފަރު ދާއިރާ,2,107,,,,,,144000,144000,144000,144000,144000,24000,majlis-health-insurance-2014-2025
hamdhoon-abdhuullah-hameedhu-inguraidhoo,hamdhoon abdhuullah hameedhu,ޙަމްދޫން ޢަބްދުﷲ ޙަމީދު,Alfaazil,އަލްފާޟިލް,inguraidhoo dhaairaa,އިނގުރައިދޫ ދާއިރާ,2,108,12500,12500,24000,24000,24000,24000,24000,24000,24000,24000,24000,majlis-health-insurance-2014-2025
ibraaheem-falaah-inguraidhoo,ibraaheem falaah,އިބްރާހީމް ފަލާޙް,Alfaazil,އަލްފާޟިލް,inguraidhoo dhaairaa,އިނގުރައިދޫ ދާއިރާ,2,109,37500,37500,72000,72000,72000,24000,24000,24000,24000,24000,120000,majlis-health-insurance-2014-2025
hasan-ahmadhu-inguraidhoo,hasan ahmadhu,ޙަސަން އަޙްމަދު,Alfaazil,އަލްފާޟިލް,inguraidhoo dhaairaa,އިނގުރައިދޫ ދާއިރާ,2,110,,,,,,48000,48000,48000,48000,48000,24000,majlis-health-insurance-2014-2025
visaam-alee-maduvari,visaam alee,ވިސާމް ޢަލީ,Alfaazilaa,އަލްފާޟިލާ,maduvari dhaairaa,މަޑުއްވަރި ދާއިރާ,2,111,12500,12500,24000,24000,24000,24000,24000,24000,24000,24000,24000,majlis-health-insurance-2014-2025
muhamadhu-ameethu-ahmadhumaniku-maduvari,muhamadhu ameethu ahmadhumaniku,މުޙައްމަދު އަމީތު އަޙްމަދުމަނިކު,Alfaazil,އަލްފާޟިލް,maduvari dhaairaa,މަޑުއްވަރި ދާއިރާ,2,112,37500,50000,96000,96000,96000,24000,24000,24000,24000,24000,24000,majlis-health-insurance-2014-2025
aadham-shareef-maduvari,aadham shareef,އާދަމް ޝަރީފް,Alfaazil,އަލްފާޟިލް,maduvari dhaairaa,މަޑުއްވަރި ދާއިރާ,2,113,,,,,,24000,72000,72000,72000,72000,,majlis-health-insurance-2014-2025
ahmadhu-zaahiru-maduvari,ahmadhu zaahiru,އަޙްމަދު ޒާހިރު,Alfaazil,އަލްފާޟިލް,maduvari dhaairaa,މަޑުއްވަރި ދާއިރާ,2,114,,,,,,,,,,,168000,majlis-health-insurance-2014-2025
naazim-rashaadhu-thulhaadhoo,naazim rashaadhu,ނާޒިމް ރަޝާދު,Alfaazil,އަލްފާޟިލް,thulhaadhoo dhaairaa,ތުޅާދޫ ދާއިރާ,2,115,62500,62500,120000,120000,96000,24000,24000,24000,24000,24000,24000,majlis-health-insurance-2014-2025
hisaan-husain-thulhaadhoo,hisaan husain,ޙިސާން ޙުސައިން,Al-Ustaza,އަލްއުސްތާޛާ,thulhaadhoo dhaairaa,ތުޅާދޫ ދާއިރާ,2,116,,,,,,72000,72000,72000,72000,72000,24000,majlis-health-insurance-2014-2025
abdhulhannaan-aboobakuru-thulhaadhoo,abdhulhannaan aboobakuru,ޢަބްދުލްޙަންނާން އަބޫބަކުރު,Alfaazil,އަލްފާޟިލް,thulhaadhoo dhaairaa,ތުޅާދޫ ދާއިރާ,2,117,,,,,,,,,,,48000,majlis-health-insurance-2014-2025
ahmadhu-saleem-eydhafushi,ahmadhu saleem,އަޙްމަދު ސަލީމް,Alfaazil,އަލްފާޟިލް,eydhafushi dhaairaa,އޭދަފުށި ދާއިރާ,2,118,37500,37500,72000,72000,72000,72000,72000,72000,72000,48000,48000,majlis-health-insurance-2014-2025
ahmadhu-thasmeen-alee-kendhoo,ahmadhu thasmeen alee,އަޙްމަދު ތަސްމީން ޢަލީ,Alfaazil,އަލްފާޟިލް,kendhoo dhaairaa,ކެންދޫ ދާއިރާ,2,119,12500,12500,24000,24000,24000,24000,24000,24000,24000,24000,24000,majlis-health-insurance-2014-2025
alee-husain-kendhoo,alee husain,ޢަލީ ޙުސައިން,Al-Ustaz,އަލްއުސްތާޛު,kendhoo dhaairaa,ކެންދޫ ދާއިރާ,2,120,50000,50000,96000,120000,120000,120000,120000,120000,96000,96000,24000,majlis-health-insurance-2014-2025
mauroof-dhaakiru-kendhoo,mauroof dhaakiru,މަޢުރޫފް ޛާކިރު,Alfaazil,އަލްފާޟިލް,kendhoo dhaairaa,ކެންދޫ ދާއިރާ,2,121,,,,,,,,,,,96000,majlis-health-insurance-2014-2025
muhamadhu-siruhaan-hithaadhoo,muhamadhu siruhaan,މުޙައްމަދު ސިރުހާން,Alfaazil,އަލްފާޟިލް,hithaadhoo dhaairaa,ހިތާދޫ ދާއިރާ,2,122,,,,,,,,,,,96000,majlis-health-insurance-2014-2025
ibraaheem-muhamadhu-saalih-hinnavaru,ibraaheem muhamadhu saalih,އިބްރާހީމް މުޙައްމަދު ޞާލިޙް,Alfaazil,އަލްފާޟިލް,hinnavaru dhaairaa,ހިންނަވަރު ދާއިރާ,3,123,37500,25000,48000,48000,48000,,,,,,,majlis-health-insurance-2014-2025
jeehaan-mahmoodhu-hinnavaru,jeehaan mahmoodhu,ޖީހާން މަޙްމޫދު,Alfaazilaa,އަލްފާޟިލާ,hinnavaru dhaairaa,ހިންނަވަރު ދާއިރާ,3,124,,,,,,96000,96000,96000,120000,120000,24000,majlis-health-insurance-2014-2025
muhamadhu-abdhurahmaan-hinnavaru,muhamadhu abdhurahmaan,މުޙައްމަދު ޢަބްދުއްރަޙްމާން,Alfaazil,އަލްފާޟިލް,hinnavaru dhaairaa,ހިންނަވަރު ދާއިރާ,3,125,,,,,,,,,,,120000,majlis-health-insurance-2014-2025
ahmadhu-muhamadhu-naifaru,ahmadhu muhamadhu,އަޙްމަދު މުޙައްމަދު,Al-Ustaz,އަލްއުސްތާޛު,naifaru dhaairaa,ނައިފަރު ދާއިރާ,3,126,12500,12500,24000,24000,24000,24000,24000,24000,24000,24000,24000,majlis-health-insurance-2014-2025
ahmadhu-shiyaam-naifaru,ahmadhu shiyaam,އަޙްމަދު ޝިޔާމް,Alfaazil,އަލްފާޟިލް,naifaru dhaairaa,ނައިފަރު ދާއިރާ,3,127,50000,50000,96000,96000,96000,96000,96000,96000,96000,96000,24000,majlis-health-insurance-2014-2025
yaaseen-abdhuullah-naifaru,yaaseen abdhuullah,ޔާސީން ޢަބްދުﷲ,Alfaazil,އަލްފާޟިލް,naifaru dhaairaa,ނައިފަރު ދާއިރާ,3,128,,,,,,,,,,,120000,majlis-health-insurance-2014-2025
ahmadhu-moosaa-kurendhoo,ahmadhu moosaa,އަޙްމަދު މޫސާ,Alfaazil,އަލްފާޟިލް,kurendhoo dhaairaa,ކުރެންދޫ ދާއިރާ,3,129,12500,12500,24000,24000,24000,24000,24000,24000,24000,24000,24000,majlis-health-insurance-2014-2025
abdhulbaaree-abdhuullah-kurendhoo,abdhulbaaree abdhuullah,ޢަބްދުލްބާރީ ޢަބްދުﷲ,Alfaazil,އަލްފާޟިލް,kurendhoo dhaairaa,ކުރެންދޫ ދާއިރާ,3,130,37500,37500,48000,48000,48000,24000,24000,24000,24000,24000,24000,majlis-health-insurance-2014-2025
abdhulghanee-abdhulhakeem-kurendhoo,abdhulghanee abdhulhakeem,ޢަބްދުލްޣަނީ ޢަބްދުލްޙަކީމް,Alfaazil,އަލްފާޟިލް,kurendhoo dhaairaa,ކުރެންދޫ ދާއިރާ,3,131,,,,,,96000,96000,96000,96000,96000,24000,majlis-health-insurance-2014-2025
lfaazil-muhamadhu-shaamin-habeebu-kurendhoo,lfaazil muhamadhu shaamin habeebu,އލްފާޟިލް މުޙައްމަދު ޝާމިން ޙަބީބު,,,kurendhoo dhaairaa,ކުރެންދޫ ދާއިރާ,3,132,,,,,,,,,,,144000,majlis-health-insurance-2014-2025
ismaaeel-abdhulhameedhu-kaashidhoo,ismaaeel abdhulhameedhu,އިސްމާޢީލް ޢަބްދުލްޙަމީދު,Alfaazil,އަލްފާޟިލް,kaashidhoo dhaairaa,ކާށިދޫ ދާއިރާ,3,133,12500,12500,24000,24000,24000,24000,24000,24000,24000,24000,24000,majlis-health-insurance-2014-2025
abdhuullah-jaabiru-kaashidhoo,abdhuullah jaabiru,ޢަބްދުﷲ ޖާބިރު,Alfaazil,އަލްފާޟިލް,kaashidhoo dhaairaa,ކާށިދޫ ދާއިރާ,3,134,12500,12500,24000,24000,24000,96000,96000,96000,96000,72000,24000,majlis-health-insurance-2014-2025
faisal-naseem-kaashidhoo,faisal naseem,ފައިޞަލް ނަސީމް,Alfaazil,އަލްފާޟިލް,kaashidhoo dhaairaa,ކާށިދޫ ދާއިރާ,3,135,75000,75000,144000,144000,144000,,,,,,24000,majlis-health-insurance-2014-2025
munthazim-ibraaheem-kaashidhoo,munthazim ibraaheem,މުންތަޡިމް އިބްރާހީމް,Alfaazil,އަލްފާޟިލް,kaashidhoo dhaairaa,ކާށިދޫ ދާއިރާ,3,136,,,,,,,,,,,120000,majlis-health-insurance-2014-2025
muhamadhu-vaheedhu-ibraaheem-thulusdhoo,muhamadhu vaheedhu ibraaheem,މުޙައްމަދު ވަޙީދު އިބްރާހީމް,Al-Ustaz,އަލްއުސްތާޛު,thulusdhoo dhaairaa,ތުލުސްދޫ ދާއިރާ,3,137,62500,62500,120000,120000,96000,24000,24000,24000,24000,24000,24000,majlis-health-insurance-2014-2025
ibraaheem-naseem-thulusdhoo,ibraaheem naseem,އިބްރާހީމް ނަސީމް,Alfaazil,އަލްފާޟިލް,thulusdhoo dhaairaa,ތުލުސްދޫ ދާއިރާ,3,138,,,,,,96000,96000,96000,96000,96000,96000,majlis-health-insurance-2014-2025
ibraaheem-rizaa-guraidhoo,ibraaheem rizaa,އިބްރާހީމް ރިޟާ,Al-Ustaz,އަލްއުސްތާޛު,guraidhoo dhaairaa,ގުރައިދޫ ދާއިރާ,3,139,62500,50000,96000,96000,72000,72000,72000,72000,72000,,,majlis-health-insurance-2014-2025
ibraaheem-shaazu-guraidhoo,ibraaheem shaazu,އިބްރާހީމް ޝާޒު,Alfaazil,އަލްފާޟިލް,guraidhoo dhaairaa,ގުރައިދޫ ދާއިރާ,3,140,,,,,,,,,,96000,,majlis-health-insurance-2014-2025
husain-rizaa-aadham-maafushi,husain rizaa aadham,ޙުސައިން ރިޟާ އާދަމް,Al-Ustaz,އަލްއުސްތާޛު,maafushi dhaairaa,މާފުށި ދާއިރާ,3,141,,,,,,,,,,,24000,majlis-health-insurance-2014-2025
anaaraa-naeem-makunudhoo,anaaraa naeem,އަނާރާ ނަޢީމް,Dr,ޑޮކްޓަރ,makunudhoo dhaairaa,މަކުނުދޫ ދާއިރާ,3,142,50000,50000,96000,96000,96000,24000,24000,24000,24000,24000,,majlis-health-insurance-2014-2025
anaaraa-naeem-huraa,anaaraa naeem,އަނާރާ ނަޢީމް,Dr,ޑޮކްޓަރ,huraa dhaairaa,ހުރާ ދާއިރާ,3,142,,,,,,,,,,,24000,majlis-health-insurance-2014-2025
husain-muhamadhu-mathiveri,husain muhamadhu,ޙުސައިން މުޙައްމަދު,Alfaazil,އަލްފާޟިލް,mathiveri dhaairaa,މަތިވެރި ދާއިރާ,3,143,12500,12500,24000,24000,24000,24000,24000,,,,,majlis-health-insurance-2014-2025
hasan-zareeru-mathiveri,hasan zareeru,ޙަސަން ޒަރީރު,Alfaazil,އަލްފާޟިލް,mathiveri dhaairaa,މަތިވެރި ދާއިރާ,3,144,,,,,,24000,96000,96000,72000,96000,72000,majlis-health-insurance-2014-2025
alee-vaheedhu-thodoo,alee vaheedhu,ޢަލީ ވަޙީދު,Alfaazil,އަލްފާޟިލް,thodoo dhaairaa,ތޮއްޑޫ ދާއިރާ,3,145,12500,12500,24000,24000,24000,,,24000,24000,24000,24000,majlis-health-insurance-2014-2025
ibraaheem-hasan-thodoo,ibraaheem hasan,އިބްރާހީމް ޙަސަން,Alfaazil,އަލްފާޟިލް,thodoo dhaairaa,ތޮއްޑޫ ދާއިރާ,3,146,112500,112500,192000,192000,192000,24000,24000,24000,24000,24000,24000,majlis-health-insurance-2014-2025
hasan-shiyaan-thodoo,hasan shiyaan,ޙަސަން ޝިޔާން,Alfaazil,އަލްފާޟިލް,thodoo dhaairaa,ތޮއްޑޫ ދާއިރާ,3,147,,,,,,72000,72000,48000,120000,120000,24000,majlis-health-insurance-2014-2025
husain-sameeru-thodoo,husain sameeru,ޙުސައިން ސަމީރު,Alfaazil,އަލްފާޟިލް,thodoo dhaairaa,ތޮއްޑޫ ދާއިރާ,3,148,,,,,,,,,,,96000,majlis-health-insurance-2014-2025
qaasim-ibraaheem-maamigili,qaasim ibraaheem,ޤާސިމް އިބްރާހީމް,Alfaazil,އަލްފާޟިލް,maamigili dhaairaa,މާމިގިލި ދާއިރާ,3,149,112500,112500,216000,240000,240000,240000,240000,240000,240000,216000,264000,majlis-health-insurance-2014-2025
ruqiyaa-muhamadhu-mahibadhoo,ruqiyaa muhamadhu,ރުޤިއްޔާ މުޙައްމަދު,Alfaazilaa,އަލްފާޟިލާ,mahibadhoo dhaairaa,މަހިބަދޫ ދާއިރާ,3,150,12500,12500,24000,24000,24000,24000,24000,24000,24000,24000,24000,majlis-health-insurance-2014-2025
ahmadhu-taariq-mahibadhoo,ahmadhu taariq,އަޙްމަދު ޠާރިޤް,Alfaazil,އަލްފާޟިލް,mahibadhoo dhaairaa,މަހިބަދޫ ދާއިރާ,3,151,62500,62500,120000,120000,120000,120000,120000,120000,144000,144000,120000,majlis-health-insurance-2014-2025
ilhaam-ahmadhu-dhangethi,ilhaam ahmadhu,އިލްހާމް އަޙްމަދު,Alfaazil,އަލްފާޟިލް,dhangethi dhaairaa,ދަނގެތި ދާއިރާ,3,152,62500,62500,120000,120000,120000,24000,24000,24000,24000,24000,24000,majlis-health-insurance-2014-2025
abdhuullah-rasheedhu-dhangethi,abdhuullah rasheedhu,ޢަބްދުﷲ ރަޝީދު,Alfaazil,އަލްފާޟިލް,dhangethi dhaairaa,ދަނގެތި ދާއިރާ,3,153,,,,,,,,,,,96000,majlis-health-insurance-2014-2025
yoosuf-naeem-felidhoo,yoosuf naeem,ޔޫސުފް ނައީމް,Alfaazil,އަލްފާޟިލް,felidhoo dhaairaa,ފެލިދޫ ދާއިރާ,3,154,12500,12500,24000,24000,24000,24000,24000,24000,24000,24000,24000,majlis-health-insurance-2014-2025
ahmadhu-maruzoogu-felidhoo,ahmadhu maruzoogu,އަޙްމަދު މަރުޒޫގު,Alfaazil,އަލްފާޟިލް,felidhoo dhaairaa,ފެލިދޫ ދާއިރާ,3,155,62500,62500,96000,120000,120000,24000,24000,24000,24000,24000,24000,majlis-health-insurance-2014-2025
ibraaheem-fazul-rasheedhu-felidhoo,ibraaheem fazul rasheedhu,އިބްރާހީމް ފަޟުލް ރަޝީދު,Alfaazil,އަލްފާޟިލް,felidhoo dhaairaa,ފެލިދޫ ދާއިރާ,3,156,,,,,,24000,96000,96000,96000,96000,,majlis-health-insurance-2014-2025
aadham-zaahiru-felidhoo,aadham zaahiru,އާދަމް ޒާހިރު,Alfaazil,އަލްފާޟިލް,felidhoo dhaairaa,ފެލިދޫ ދާއިރާ,3,157,,,,,,,,,,,48000,majlis-health-insurance-2014-2025
ashaih-moosaa-nizaaru-ibraaheem-keyodhoo,ashaih moosaa nizaaru ibraaheem,އައްޝައިޙް މޫސާ ނިޒާރު އިބްރާހީމް,,,keyodhoo dhaairaa,ކެޔޮދޫ ދާއިރާ,3,158,50000,50000,72000,72000,72000,24000,24000,24000,24000,24000,24000,majlis-health-insurance-2014-2025
husain-qaasim-keyodhoo,husain qaasim,ޙުސައިން ޤާސިމް,Alfaazil,އަލްފާޟިލް,keyodhoo dhaairaa,ކެޔޮދޫ ދާއިރާ,3,159,,,,,,72000,72000,72000,72000,48000,24000,majlis-health-insurance-2014-2025
muhamadhu-niushaadhu-keyodhoo,muhamadhu niushaadhu,މުޙައްމަދު ނިއުޝާދު,Alfaazil,އަލްފާޟިލް,keyodhoo dhaairaa,ކެޔޮދޫ ދާއިރާ,3,160,,,,,,,,,,,96000,majlis-health-insurance-2014-2025
ahmadhu-naazim-dhigaru,ahmadhu naazim,އަޙްމަދު ނާޒިމް,Alfaazil,އަލްފާޟިލް,dhigaru dhaairaa,ދިއްގަރު ދާއިރާ,3,161,62500,62500,120000,120000,72000,24000,24000,24000,24000,24000,120000,majlis-health-insurance-2014-2025
ikraam-hasan-dhigaru,ikraam hasan,އިކްރާމް ޙަސަން,Alfaazil,އަލްފާޟިލް,dhigaru dhaairaa,ދިއްގަރު ދާއިރާ,3,163,,,,,,72000,72000,72000,72000,72000,24000,majlis-health-insurance-2014-2025
ibraaheem-naseeru-mulaku,ibraaheem naseeru,އިބްރާހީމް ނަޞީރު,Alfaazil,އަލްފާޟިލް,mulaku dhaairaa,މުލަކު ދާއިރާ,3,165,62500,62500,120000,120000,120000,120000,120000,120000,144000,120000,24000,majlis-health-insurance-2014-2025
ibraaheem-naufal-mulaku,ibraaheem naufal,އިބްރާހީމް ނައުފަލް,Alfaazil,އަލްފާޟިލް,mulaku dhaairaa,މުލަކު ދާއިރާ,3,166,,,,,,,,,,,120000,majlis-health-insurance-2014-2025
ahmadhu-hamzaa-bilethdhoo,ahmadhu hamzaa,އަޙްމަދު ޙަމްޒާ,Al-Ustaz,އަލްއުސްތާޛު,bilethdhoo dhaairaa,ބިލެތްދޫ ދާއިރާ,3,167,12500,12500,24000,24000,24000,24000,24000,24000,24000,24000,24000,majlis-health-insurance-2014-2025
ahmadhu-mubeen-bilethdhoo,ahmadhu mubeen,އަޙްމަދު މުބީން,Alfaazil,އަލްފާޟިލް,bilethdhoo dhaairaa,ބިލެތްދޫ ދާއިރާ,3,168,62500,62500,120000,120000,120000,24000,24000,24000,24000,24000,24000,majlis-health-insurance-2014-2025
ahmadhu-haleem-bilethdhoo,ahmadhu haleem,އަޙްމަދު ޙަލީމް,Alfaazil,އަލްފާޟިލް,bilethdhoo dhaairaa,ބިލެތްދޫ ދާއިރާ,3,169,,,,,,72000,72000,72000,48000,48000,24000,majlis-health-insurance-2014-2025
ahmadhu-aslam-bilethdhoo,ahmadhu aslam,އަޙްމަދު އަސްލަމް,Alfaazil,އަލްފާޟިލް,bilethdhoo dhaairaa,ބިލެތްދޫ ދާއިރާ,3,170,,,,,,,,,,,48000,majlis-health-insurance-2014-2025
abdhulmuhusin-hameedhu-nilandhoo,abdhulmuhusin hameedhu,ޢަބްދުލްމުޙުސިން ޙަމީދު,Alfaazil,އަލްފާޟިލް,nilandhoo dhaairaa,ނިލަންދޫ ދާއިރާ,3,171,12500,12500,24000,24000,24000,96000,96000,96000,72000,72000,24000,majlis-health-insurance-2014-2025
abdhuullah-khaleel-nilandhoo,abdhuullah khaleel,ޢަބްދުﷲ ޚަލީލް,Alfaazil,އަލްފާޟިލް,nilandhoo dhaairaa,ނިލަންދޫ ދާއިރާ,3,172,62500,87500,168000,168000,168000,24000,24000,24000,24000,24000,,majlis-health-insurance-2014-2025
faatimathu-saudhaa-nilandhoo,faatimathu saudhaa,ފާޠިމަތު ސަޢުދާ,Alfaazilaa,އަލްފާޟިލާ,nilandhoo dhaairaa,ނިލަންދޫ ދާއިރާ,3,173,,,,,,,,,,,144000,majlis-health-insurance-2014-2025
ahmadhu-siyaam-muhamadhu-meedhoo,ahmadhu siyaam muhamadhu,އަޙްމަދު ސިޔާމް މުޙައްމަދު,Alfaazil,އަލްފާޟިލް,meedhoo dhaairaa,މީދޫ ދާއިރާ,3,174,12500,12500,24000,24000,24000,24000,24000,24000,24000,24000,72000,majlis-health-insurance-2014-2025
ahmadhu-aamiru-kudahuvadhoo,ahmadhu aamiru,އަޙްމަދު ޢާމިރު,Alfaazil,އަލްފާޟިލް,kudahuvadhoo dhaairaa,ކުޑަހުވަދޫ ދާއިރާ,3,175,12500,12500,24000,24000,24000,24000,24000,24000,24000,24000,24000,majlis-health-insurance-2014-2025
husain-hameedhu-kudahuvadhoo,husain hameedhu,ޙުސައިން ޙަމީދު,Alfaazil,އަލްފާޟިލް,kudahuvadhoo dhaairaa,ކުޑަހުވަދޫ ދާއިރާ,3,176,,,,,,,,,,,72000,majlis-health-insurance-2014-2025
riyaaz-rasheedhu-vilufushi,riyaaz rasheedhu,ރިޔާޟް ރަޝީދު,Alfaazil,އަލްފާޟިލް,vilufushi dhaairaa,ވިލުފުށި ދާއިރާ,3,177,100000,100000,192000,192000,168000,24000,24000,24000,24000,24000,24000,majlis-health-insurance-2014-2025
hasan-afeefu-vilufushi,hasan afeefu,ޙަސަން ޢަފީފު,Alfaazil,އަލްފާޟިލް,vilufushi dhaairaa,ވިލުފުށި ދާއިރާ,3,178,,,,,,48000,48000,48000,48000,48000,24000,majlis-health-insurance-2014-2025
hasan-vaheedhu-vilufushi,hasan vaheedhu,ޙަސަން ވަޙީދު,Alfaazil,އަލްފާޟިލް,vilufushi dhaairaa,ވިލުފުށި ދާއިރާ,3,179,,,,,,,,,,,120000,majlis-health-insurance-2014-2025
muhamadhu-mustafaa-thimarafushi,muhamadhu mustafaa,މުޙައްމަދު މުސްޠަފާ,Alfaazil,އަލްފާޟިލް,thimarafushi dhaairaa,ތިމަރަފުށި ދާއިރާ,3,180,87500,87500,168000,192000,192000,24000,24000,24000,24000,24000,24000,majlis-health-insurance-2014-2025
abdhuullah-riyaaz-kinbidhoo,abdhuullah riyaaz,ޢަބްދުﷲ ރިޔާޟް,Alfaazil,އަލްފާޟިލް,kinbidhoo dhaairaa,ކިނބިދޫ ދާއިރާ,3,182,50000,50000,72000,72000,72000,,,,,,,majlis-health-insurance-2014-2025
abdhuullah-riyaaz-thimarafushi,abdhuullah riyaaz,ޢަބްދުﷲ ރިޔާޟް,Alfaazil,އަލްފާޟިލް,thimarafushi dhaairaa,ތިމަރަފުށި ދާއިރާ,3,182,,,,,,72000,72000,72000,72000,48000,24000,majlis-health-insurance-2014-2025
ahmadhu-riyaaz-thimarafushi,ahmadhu riyaaz,އަޙްމަދު ރިޔާޟް,Alfaazil,އަލްފާޟިލް,thimarafushi dhaairaa,ތިމަރަފުށި ދާއިރާ,3,183,,,,,,,,,,,48000,majlis-health-insurance-2014-2025
moosaa-zameeru-kinbidhoo,moosaa zameeru,މޫސާ ޒަމީރު,Alfaazil,އަލްފާޟިލް,kinbidhoo dhaairaa,ކިނބިދޫ ދާއިރާ,3,184,12500,12500,,,,24000,24000,24000,24000,24000,,majlis-health-insurance-2014-2025
alee-ashraq-kinbidhoo,alee ashraq,ޢަލީ އަޝްރަޤް,Alfaazil,އަލްފާޟިލް,kinbidhoo dhaairaa,ކިނބިދޫ ދާއިރާ,3,185,,,,,,,,,,,24000,majlis-health-insurance-2014-2025
muhamadhu-naashiz-alifushi,muhamadhu naashiz,މުޙައްމަދު ނާޝިޒް,Alfaazil,އަލްފާޟިލް,alifushi dhaairaa,އަލިފުށި ދާއިރާ,4,186,12500,12500,24000,24000,24000,,,,,,,majlis-health-insurance-2014-2025
muhamadhu-naashiz-kinbidhoo,muhamadhu naashiz,މުޙައްމަދު ނާޝިޒް,Alfaazil,އަލްފާޟިލް,kinbidhoo dhaairaa,ކިނބިދޫ ދާއިރާ,4,186,,,,,,24000,24000,24000,24000,24000,24000,majlis-health-insurance-2014-2025
husainmaniku-dhonmaniku-th-guraidhoo,husainmaniku dhonmaniku,ޙުސައިންމަނިކު ދޮންމަނިކު,Alfaazil,އަލްފާޟިލް,th guraidhoo dhaairaa,ތ. ގުރައިދޫ ދާއިރާ,4,187,25000,25000,48000,72000,72000,24000,24000,24000,24000,24000,24000,majlis-health-insurance-2014-2025
muhamadhu-ghasaan-maumoon-th-guraidhoo,muhamadhu ghasaan maumoon,މުޙައްމަދު ޣައްސާން މައުމޫން,Alfaazil,އަލްފާޟިލް,th guraidhoo dhaairaa,ތ. ގުރައިދޫ ދާއިރާ,4,188,,,,,,72000,72000,72000,72000,72000,,majlis-health-insurance-2014-2025
hanaan-muhamadhu-rasheedhu-guraidhoo,hanaan muhamadhu rasheedhu,ހަނާން މުޙައްމަދު ރަޝީދު,Alfaazil,އަލްފާޟިލް,guraidhoo dhaairaa,ގުރައިދޫ ދާއިރާ,4,189,,,,,,,,,,,48000,majlis-health-insurance-2014-2025
ahmadhu-rasheedhu-ibraaheem-isdhoo,ahmadhu rasheedhu ibraaheem,އަޙްމަދު ރަޝީދު އިބްރާހީމް,Al-Sheikh,އައްޝައިޚް,isdhoo dhaairaa,އިސްދޫ ދާއިރާ,4,190,25000,25000,48000,48000,48000,24000,24000,24000,24000,24000,24000,majlis-health-insurance-2014-2025
alee-hameedhu-isdhoo,alee hameedhu,ޢަލީ ޙަމީދު,Alfaazil,އަލްފާޟިލް,isdhoo dhaairaa,އިސްދޫ ދާއިރާ,4,191,,,,,,96000,96000,96000,96000,96000,24000,majlis-health-insurance-2014-2025
ismaaeel-shafeeu-isdhoo,ismaaeel shafeeu,އިސްމާޢީލް ޝަފީޢު,Alfaazil,އަލްފާޟިލް,isdhoo dhaairaa,އިސްދޫ ދާއިރާ,4,192,,,,,,,,,,,96000,majlis-health-insurance-2014-2025
yoosuf-abdhulghafooru-gamu,yoosuf abdhulghafooru,ޔޫސުފް ޢަބްދުލްޣަފޫރު,Alfaazil,އަލްފާޟިލް,gamu dhaairaa,ގަމު ދާއިރާ,4,193,12500,12500,24000,24000,24000,24000,24000,24000,24000,24000,24000,majlis-health-insurance-2014-2025
fayaaz-ismaaeel-gamu,fayaaz ismaaeel,ފައްޔާޟް އިސްމާޢީލް,Al-Ustaz,އަލްއުސްތާޛު,gamu dhaairaa,ގަމު ދާއިރާ,4,194,37500,50000,96000,96000,96000,,,,,,24000,majlis-health-insurance-2014-2025
muhamadhu-visaam-gamu,muhamadhu visaam,މުޙައްމަދު ވިސާމް,Alfaazil,އަލްފާޟިލް,gamu dhaairaa,ގަމު ދާއިރާ,4,195,,,,,,24000,24000,48000,48000,72000,24000,majlis-health-insurance-2014-2025
yoosuf-nasheedhu-gamu,yoosuf nasheedhu,ޔޫސުފް ނަޝީދު,Alfaazil,އަލްފާޟިލް,gamu dhaairaa,ގަމު ދާއިރާ,4,196,,,,,,,,,,,144000,majlis-health-insurance-2014-2025
abdhuraheem-abdhuullah-fonadhoo,abdhuraheem abdhuullah,ޢަބްދުއްރަޙީމް ޢަބްދުﷲ,Alfaazil,އަލްފާޟިލް,fonadhoo dhaairaa,ފޮނަދޫ ދާއިރާ,4,197,37500,37500,72000,72000,72000,24000,24000,24000,24000,24000,48000,majlis-health-insurance-2014-2025
moosaa-siraaju-fonadhoo,moosaa siraaju,މޫސާ ސިރާޖު,Al-Ustaz,އަލްއުސްތާޛު,fonadhoo dhaairaa,ފޮނަދޫ ދާއިރާ,4,198,,,,,,48000,48000,48000,48000,48000,24000,majlis-health-insurance-2014-2025
abdhulazeez-jamaal-aboobakuru-maavashu,abdhulazeez jamaal aboobakuru,ޢަބްދުލްޢަޒީޒް ޖަމާލް އަބޫބަކުރު,Alfaazil,އަލްފާޟިލް,maavashu dhaairaa,މާވަށު ދާއިރާ,4,199,12500,12500,24000,24000,24000,24000,24000,24000,24000,24000,24000,majlis-health-insurance-2014-2025
ahmadhu-azhaan-fahumee-maavashu,ahmadhu azhaan fahumee,އަޙްމަދު އަޒްހާން ފަހުމީ,Alfaazil,އަލްފާޟިލް,maavashu dhaairaa,މާވަށު ދާއިރާ,4,200,37500,37500,72000,72000,72000,24000,24000,24000,24000,24000,24000,majlis-health-insurance-2014-2025
muhamadhu-saeedhu-maavashu,muhamadhu saeedhu,މުޙައްމަދު ސަޢީދު,Alfaazil,އަލްފާޟިލް,maavashu dhaairaa,މާވަށު ދާއިރާ,4,201,,,,,,24000,72000,96000,96000,96000,,majlis-health-insurance-2014-2025
ahmadhu-shaakiru-maavashu,ahmadhu shaakiru,އަޙްމަދު ޝާކިރު,Alfaazil,އަލްފާޟިލް,maavashu dhaairaa,މާވަށު ދާއިރާ,4,202,,,,,,,,,,,144000,majlis-health-insurance-2014-2025
muhamadhu-raamiz-vilingili,muhamadhu raamiz,މުޙައްމަދު ރާމިޒް,Alfaazil,އަލްފާޟިލް,vilingili dhaairaa,ވިލިނގިލި ދާއިރާ,4,203,12500,12500,24000,24000,24000,24000,24000,24000,24000,24000,24000,majlis-health-insurance-2014-2025
saudhu-husain-vilingili,saudhu husain,ސަޢުދު ޙުސައިން,Alfaazil,އަލްފާޟިލް,vilingili dhaairaa,ވިލިނގިލި ދާއިރާ,4,204,62500,62500,144000,144000,144000,144000,144000,144000,144000,120000,24000,majlis-health-insurance-2014-2025
aazim-abdhulazeez-vilingili,aazim abdhulazeez,ޢާޒިމް ޢަބްދުލްޢަޒީޒް,Alfaazil,އަލްފާޟިލް,vilingili dhaairaa,ވިލިނގިލި ދާއިރާ,4,205,,,,,,,,,,,120000,majlis-health-insurance-2014-2025
muhamadhu-riyaaz-dhaandhoo,muhamadhu riyaaz,މުޙައްމަދު ރިޔާޒް,Alfaazil,އަލްފާޟިލް,dhaandhoo dhaairaa,ދާންދޫ ދާއިރާ,4,206,12500,12500,24000,24000,24000,24000,24000,24000,24000,24000,24000,majlis-health-insurance-2014-2025
ahmadhu-asadhu-dhaandhoo,ahmadhu asadhu,އަޙްމަދު އަސްޢަދު,Alfaazil,އަލްފާޟިލް,dhaandhoo dhaairaa,ދާންދޫ ދާއިރާ,4,207,62500,75000,120000,144000,144000,24000,24000,24000,24000,24000,24000,majlis-health-insurance-2014-2025
yauqoobu-abdhuullah-dhaandhoo,yauqoobu abdhuullah,ޔަޢުޤޫބު ޢަބްދުﷲ,Alfaazil,އަލްފާޟިލް,dhaandhoo dhaairaa,ދާންދޫ ދާއިރާ,4,208,,,,,,120000,120000,120000,120000,120000,24000,majlis-health-insurance-2014-2025
muhamadhu-fazeel-dhaandhoo,muhamadhu fazeel,މުޙައްމަދު ފަޟީލް,Alfaazil,އަލްފާޟިލް,dhaandhoo dhaairaa,ދާންދޫ ދާއިރާ,4,209,,,,,,,,,,,96000,majlis-health-insurance-2014-2025
jameel-uthmaan-gemanafushi,jameel uthmaan,ޖަމީލް ޢުޘްމާން,Alfaazil,އަލްފާޟިލް,gemanafushi dhaairaa,ގެމަނަފުށި ދާއިރާ,4,210,62500,62500,120000,120000,120000,24000,24000,24000,24000,24000,24000,majlis-health-insurance-2014-2025
ahmadhu-saeedhu-gemanafushi,ahmadhu saeedhu,އަޙްމަދު ސަޢީދު,Alfaazil,އަލްފާޟިލް,gemanafushi dhaairaa,ގެމަނަފުށި ދާއިރާ,4,211,,,,,,24000,144000,120000,120000,120000,24000,majlis-health-insurance-2014-2025
asadhuullah-shihaab-gemanafushi,asadhuullah shihaab,އަސަދުﷲ ޝިހާބް,Alfaazil,އަލްފާޟިލް,gemanafushi dhaairaa,ގެމަނަފުށި ދާއިރާ,4,212,,,,,,,,,,,96000,majlis-health-insurance-2014-2025
ibraaheemdheedhee-kolamaafushi,ibraaheemdheedhee,އިބްރާހީމްދީދީ,Alfaazil,އަލްފާޟިލް,kolamaafushi dhaairaa,ކޮލަމާފުށި ދާއިރާ,4,213,,,,,,,,,,,120000,majlis-health-insurance-2014-2025
muhamadhu-qasam-thinadhoo,muhamadhu qasam,މުޙައްމަދު ޤަސަމް,Alfaazil,އަލްފާޟިލް,thinadhoo dhaairaa,ތިނަދޫ ދާއިރާ,4,214,12500,12500,24000,24000,24000,24000,24000,24000,24000,24000,24000,majlis-health-insurance-2014-2025
saudhuullah-hilmee-thinadhoo-uthuru,saudhuullah hilmee,ސަޢުދުﷲ ޙިލްމީ,Alfaazil,އަލްފާޟިލް,thinadhoo uthuru dhaairaa,ތިނަދޫ އުތުރު ދާއިރާ,4,215,37500,37500,48000,48000,48000,24000,24000,24000,24000,24000,48000,majlis-health-insurance-2014-2025
abdhulmughunee-thinadhoo-uthuru,abdhulmughunee,ޢަބްދުލްމުޣުނީ,Alfaazil,އަލްފާޟިލް,thinadhoo uthuru dhaairaa,ތިނަދޫ އުތުރު ދާއިރާ,4,216,,,,,,96000,96000,120000,120000,120000,24000,majlis-health-insurance-2014-2025
abdhuullah-ahmadhu-thinadhoo-dhekunu,abdhuullah ahmadhu,ޢަބްދުﷲ އަޙްމަދު,Alfaazil,އަލްފާޟިލް,thinadhoo dhekunu dhaairaa,ތިނަދޫ ދެކުނު ދާއިރާ,4,217,50000,50000,96000,96000,96000,24000,24000,24000,24000,24000,24000,majlis-health-insurance-2014-2025
abdhuullah-saneef-thinadhoo-dhekunu,abdhuullah saneef,ޢަބްދުﷲ ސަނީފް,Alfaazil,އަލްފާޟިލް,thinadhoo dhekunu dhaairaa,ތިނަދޫ ދެކުނު ދާއިރާ,4,218,,,,,,120000,120000,120000,120000,120000,24000,majlis-health-insurance-2014-2025
muhamadhu-alsan-ahmadhu-thinadhoo-dhekunu,muhamadhu alsan ahmadhu,މުޙައްމަދު އަލްސަން އަޙްމަދު,Alfaazil,އަލްފާޟިލް,thinadhoo dhekunu dhaairaa,ތިނަދޫ ދެކުނު ދާއިރާ,4,219,,,,,,,,,,,24000,majlis-health-insurance-2014-2025
muhamadhu-naazim-madaveli,muhamadhu naazim,މުޙައްމަދު ނާޒިމް,Alfaazil,އަލްފާޟިލް,madaveli dhaairaa,މަޑަވެލި ދާއިރާ,4,220,12500,12500,24000,24000,24000,24000,24000,24000,24000,24000,24000,majlis-health-insurance-2014-2025
muaazu-muhamadhu-rasheedhu-madaveli,muaazu muhamadhu rasheedhu,މުޢާޒު މުޙައްމަދު ރަޝީދު,Alfaazil,އަލްފާޟިލް,madaveli dhaairaa,މަޑަވެލި ދާއިރާ,4,221,25000,25000,72000,72000,72000,24000,24000,24000,24000,24000,24000,majlis-health-insurance-2014-2025
husain-firushaan-madaveli,husain firushaan,ޙުސައިން ފިރުޝާން,Alfaazil,އަލްފާޟިލް,madaveli dhaairaa,މަޑަވެލި ދާއިރާ,4,222,,,,,,24000,24000,48000,72000,72000,24000,majlis-health-insurance-2014-2025
muhamadhu-shameez-madaveli,muhamadhu shameez,މުޙައްމަދު ޝަމީޒް,Alfaazil,އަލްފާޟިލް,madaveli dhaairaa,މަޑަވެލި ދާއިރާ,4,223,,,,,,,,,,,72000,majlis-health-insurance-2014-2025
ibraaheem-mutalib-faresmaathodaa,ibraaheem mutalib,އިބްރާހީމް މުއްޠަލިބް,Alfaazil,އަލްފާޟިލް,faresmaathodaa dhaairaa,ފަރެސްމާތޮޑާ ދާއިރާ,4,224,12500,12500,24000,24000,24000,24000,24000,24000,24000,24000,24000,majlis-health-insurance-2014-2025
husain-muhamadhu-lateef-faresmaathodaa,husain muhamadhu lateef,ޙުސައިން މުޙައްމަދު ލަޠީފް,Alfaazil,އަލްފާޟިލް,faresmaathodaa dhaairaa,ފަރެސްމާތޮޑާ ދާއިރާ,4,225,25000,37500,72000,72000,72000,24000,48000,48000,72000,72000,,majlis-health-insurance-2014-2025
ashraf-rasheedhu-faresmaathodaa,ashraf rasheedhu,އަޝްރަފް ރަޝީދު,Alfaazil,އަލްފާޟިލް,faresmaathodaa dhaairaa,ފަރެސްމާތޮޑާ ދާއިރާ,4,226,,,,,,,,,,,96000,majlis-health-insurance-2014-2025
zaahiru-aadham-gadhoo,zaahiru aadham,ޒާހިރު އާދަމް,Alfaazil,އަލްފާޟިލް,gadhoo dhaairaa,ގައްދޫ ދާއިރާ,4,227,12500,12500,24000,24000,24000,24000,24000,,,,,majlis-health-insurance-2014-2025
ahmadhu-rasheedhu-gadhoo,ahmadhu rasheedhu,އަޙްމަދު ރަޝީދު,Alfaazil,އަލްފާޟިލް,gadhoo dhaairaa,ގައްދޫ ދާއިރާ,4,228,12500,12500,24000,24000,24000,24000,24000,24000,24000,24000,24000,majlis-health-insurance-2014-2025
ahmadhu-zaahiru-gadhoo,ahmadhu zaahiru,އަޙްމަދު ޒާހިރު,Alfaazil,އަލްފާޟިލް,gadhoo dhaairaa,ގައްދޫ ދާއިރާ,4,229,,,,,,72000,72000,72000,48000,48000,24000,majlis-health-insurance-2014-2025
muhamadhu-alee-gadhoo,muhamadhu alee,މުޙައްމަދު ޢަލީ,Alfaazil,އަލްފާޟިލް,gadhoo dhaairaa,ގައްދޫ ދާއިރާ,4,230,,,,,,,,,,,96000,majlis-health-insurance-2014-2025
muhamadhu-rafeeq-hasan-fuvamulaku-uthuru,muhamadhu rafeeq hasan,މުޙައްމަދު ރަފީޤް ޙަސަން,Alfaazil,އަލްފާޟިލް,fuvamulaku uthuru dhaairaa,ފުވައްމުލަކު އުތުރު ދާއިރާ,4,231,12500,12500,24000,24000,24000,24000,24000,24000,24000,24000,24000,majlis-health-insurance-2014-2025
alee-shaah-fuvamulaku-uthuru,alee shaah,ޢަލީ ޝާހް,Alfaazil,އަލްފާޟިލް,fuvamulaku uthuru dhaairaa,ފުވައްމުލަކު އުތުރު ދާއިރާ,4,232,50000,50000,96000,96000,24000,24000,24000,24000,24000,24000,24000,majlis-health-insurance-2014-2025
muhamadhu-rasheedhu-fuvamulaku-uthuru,muhamadhu rasheedhu,މުޙައްމަދު ރަޝީދު,Alfaazil,އަލްފާޟިލް,fuvamulaku uthuru dhaairaa,ފުވައްމުލަކު އުތުރު ދާއިރާ,4,233,,,,,,96000,96000,96000,96000,96000,24000,majlis-health-insurance-2014-2025
hamadhu-abdhuullah-fuvamulaku-uthuru,hamadhu abdhuullah,ޙަމަދު ޢަބްދުﷲ,Alfaazil,އަލްފާޟިލް,fuvamulaku uthuru dhaairaa,ފުވައްމުލަކު އުތުރު ދާއިރާ,4,234,,,,,,,,,,,48000,majlis-health-insurance-2014-2025
shifaaq-mufeedhu-fuvamulaku-medhu,shifaaq mufeedhu,ޝިފާޤް މުފީދު,Alfaazil,އަލްފާޟިލް,fuvamulaku medhu dhaairaa,ފުވައްމުލަކު މެދު ދާއިރާ,4,235,12500,12500,24000,24000,24000,24000,24000,24000,24000,24000,24000,majlis-health-insurance-2014-2025
alee-fazaadhu-fuvamulaku-medhu,alee fazaadhu,ޢަލީ ފަޒާދު,Alfaazil,އަލްފާޟިލް,fuvamulaku medhu dhaairaa,ފުވައްމުލަކު މެދު ދާއިރާ,4,236,37500,50000,96000,96000,96000,24000,24000,24000,24000,24000,96000,majlis-health-insurance-2014-2025
husain-muhamadhudheedhee-fuvamulaku-medhu,husain muhamadhudheedhee,ޙުސައިން މުޙައްމަދުދީދީ,Alfaazil,އަލްފާޟިލް,fuvamulaku medhu dhaairaa,ފުވައްމުލަކު މެދު ދާއިރާ,4,237,,,,,,120000,120000,120000,120000,120000,24000,majlis-health-insurance-2014-2025
abdhuullah-maseehu-muhamadhu-fuvamulaku-dhekunu,abdhuullah maseehu muhamadhu,ޢަބްދުﷲ މަސީޙު މުޙައްމަދު,Alfaazil,އަލްފާޟިލް,fuvamulaku dhekunu dhaairaa,ފުވައްމުލަކު ދެކުނު ދާއިރާ,4,238,25000,25000,48000,48000,48000,24000,24000,24000,24000,24000,24000,majlis-health-insurance-2014-2025
muhamadhu-mumthaaz-fuvamulaku-dhekunu,muhamadhu mumthaaz,މުޙައްމަދު މުމްތާޒް,Alfaazil,އަލްފާޟިލް,fuvamulaku dhekunu dhaairaa,ފުވައްމުލަކު ދެކުނު ދާއިރާ,4,239,,,,,,96000,96000,96000,96000,72000,24000,majlis-health-insurance-2014-2025
ibraaheem-husain-fuvamulaku-dhekunu,ibraaheem husain,އިބްރާހީމް ޙުސައިން,Alfaazil,އަލްފާޟިލް,fuvamulaku dhekunu dhaairaa,ފުވައްމުލަކު ދެކުނު ދާއިރާ,4,240,,,,,,,,,,,120000,majlis-health-insurance-2014-2025
ilyaas-labeebu-hulhumeedhoo,ilyaas labeebu,އިލްޔާސް ލަބީބު,Alfaazil,އަލްފާޟިލް,hulhumeedhoo dhaairaa,ހުޅުމީދޫ ދާއިރާ,4,241,12500,12500,24000,24000,24000,,,,,,,majlis-health-insurance-2014-2025
ilyaas-labeebu-hulhudhoo,ilyaas labeebu,އިލްޔާސް ލަބީބު,Alfaazil,އަލްފާޟިލް,hulhudhoo dhaairaa,ހުޅުދޫ ދާއިރާ,4,241,,,,,,120000,120000,120000,120000,120000,24000,majlis-health-insurance-2014-2025
muhamadhu-shaahidhu-hulhudhoo,muhamadhu shaahidhu,މުޙައްމަދު ޝާހިދު,Alfaazil,އަލްފާޟިލް,hulhudhoo dhaairaa,ހުޅުދޫ ދާއިރާ,4,242,75000,75000,144000,168000,144000,24000,24000,24000,24000,24000,120000,majlis-health-insurance-2014-2025
alhaan-fahumee-feydhoo,alhaan fahumee,އަލްޙާން ފަޙުމީ,Alfaazil,އަލްފާޟިލް,feydhoo dhaairaa,ފޭދޫ ދާއިރާ,4,243,12500,12500,24000,24000,24000,24000,24000,24000,24000,24000,24000,majlis-health-insurance-2014-2025
muhamadhu-nihaadhu-feydhoo,muhamadhu nihaadhu,މުޙައްމަދު ނިހާދު,Alfaazil,އަލްފާޟިލް,feydhoo dhaairaa,ފޭދޫ ދާއިރާ,4,244,,,,,,96000,96000,96000,96000,72000,24000,majlis-health-insurance-2014-2025
ismaaeel-nizaaru-feydhoo-uthuru,ismaaeel nizaaru,އިސްމާޢީލް ނިޒާރު,Alfaazil,އަލްފާޟިލް,feydhoo uthuru dhaairaa,ފޭދޫ އުތުރު ދާއިރާ,4,245,,,,,,,,,,,96000,majlis-health-insurance-2014-2025
ibraaheemdheedhee-feydhoo,ibraaheemdheedhee,އިބްރާހީމްދީދީ,Alfaazil,އަލްފާޟިލް,feydhoo dhaairaa,ފޭދޫ ދާއިރާ,4,246,25000,25000,48000,48000,48000,24000,24000,24000,24000,24000,,majlis-health-insurance-2014-2025
ibraaheemdheedhee-feydhoo-dhekunu,ibraaheemdheedhee,އިބްރާހީމްދީދީ,Alfaazil,އަލްފާޟިލް,feydhoo dhekunu dhaairaa,ފޭދޫ ދެކުނު ދާއިރާ,5,246,,,,,,,,,,,48000,majlis-health-insurance-2014-2025
hasan-aadhil-maradhoo,hasan aadhil,ޙަސަން އާދިލް,Alfaazil,އަލްފާޟިލް,maradhoo dhaairaa,މަރަދޫ ދާއިރާ,5,247,12500,12500,24000,24000,24000,24000,24000,24000,24000,24000,24000,majlis-health-insurance-2014-2025
ibraaheem-shareef-maradhoo,ibraaheem shareef,އިބްރާހީމް ޝަރީފް,Alfaazil,އަލްފާޟިލް,maradhoo dhaairaa,މަރަދޫ ދާއިރާ,5,248,25000,25000,48000,48000,48000,48000,48000,48000,48000,48000,24000,majlis-health-insurance-2014-2025
ahmadhudheedhee-maradhoo,ahmadhudheedhee,އަޙްމަދުދީދީ,Alfaazil,އަލްފާޟިލް,maradhoo dhaairaa,މަރަދޫ ދާއިރާ,5,249,,,,,,,,,,,96000,majlis-health-insurance-2014-2025
muhamadhu-aslam-hithadhoo-uthuru,muhamadhu aslam,މުޙައްމަދު އަސްލަމް,Alfaazil,އަލްފާޟިލް,hithadhoo uthuru dhaairaa,ހިތަދޫ އުތުރު ދާއިރާ,5,250,50000,50000,96000,96000,120000,120000,120000,96000,96000,96000,24000,majlis-health-insurance-2014-2025
muhamadhu-sinaan-hithadhoo-uthuru,muhamadhu sinaan,މުޙައްމަދު ސިނާން,Alfaazil,އަލްފާޟިލް,hithadhoo uthuru dhaairaa,ހިތަދޫ އުތުރު ދާއިރާ,5,251,,,,,,,,,,,96000,majlis-health-insurance-2014-2025
muhamadhu-rasheedhu-hithadhoo-medhu,muhamadhu rasheedhu,މުޙައްމަދު ރަޝީދު,Alfaazil,އަލްފާޟިލް,hithadhoo medhu dhaairaa,ހިތަދޫ މެދު ދާއިރާ,5,252,12500,12500,24000,24000,24000,24000,24000,24000,24000,24000,24000,majlis-health-insurance-2014-2025
ibraaheem-muhamadhudheedhee-hithadhoo-medhu,ibraaheem muhamadhudheedhee,އިބްރާހީމް މުޙައްމަދުދީދީ,Alfaazil,އަލްފާޟިލް,hithadhoo medhu dhaairaa,ހިތަދޫ މެދު ދާއިރާ,5,253,37500,37500,72000,72000,72000,24000,24000,24000,24000,24000,24000,majlis-health-insurance-2014-2025
ahmadhu-rasheedhu-hithadhoo-medhu,ahmadhu rasheedhu,އަޙްމަދު ރަޝީދު,Alfaazil,އަލްފާޟިލް,hithadhoo medhu dhaairaa,ހިތަދޫ މެދު ދާއިރާ,5,254,,,,,,72000,72000,72000,72000,72000,24000,majlis-health-insurance-2014-2025
ahmadhu-azaan-maruzooqu-hithadhoo-medhu,ahmadhu azaan maruzooqu,އަޙްމަދު އަޒާން މަރުޒޫޤު,Alfaazil,އަލްފާޟިލް,hithadhoo medhu dhaairaa,ހިތަދޫ މެދު ދާއިރާ,5,255,,,,,,,,,,,48000,majlis-health-insurance-2014-2025
hasan-lateef-hithadhoo-dhekunu,hasan lateef,ޙަސަން ލަޠީފް,Alfaazil,އަލްފާޟިލް,hithadhoo dhekunu dhaairaa,ހިތަދޫ ދެކުނު ދާއިރާ,5,256,12500,12500,24000,24000,24000,24000,24000,24000,24000,24000,24000,majlis-health-insurance-2014-2025
alee-nizaaru-hithadhoo-dhekunu,alee nizaaru,ޢަލީ ނިޒާރު,Alfaazil,އަލްފާޟިލް,hithadhoo dhekunu dhaairaa,ހިތަދޫ ދެކުނު ދާއިރާ,5,257,62500,62500,120000,120000,96000,24000,24000,24000,24000,24000,24000,majlis-health-insurance-2014-2025
ibraaheem-naazil-hithadhoo-dhekunu,ibraaheem naazil,އިބްރާހީމް ނާޒިލް,Alfaazil,އަލްފާޟިލް,hithadhoo dhekunu dhaairaa,ހިތަދޫ ދެކުނު ދާއިރާ,5,258,,,,,,72000,72000,72000,72000,72000,96000,majlis-health-insurance-2014-2025
rozainaa-aadham-adoomeedhoo,rozainaa aadham,ރޮޒައިނާ އާދަމް,Alfaazilaa,އަލްފާޟިލާ,adoomeedhoo dhaairaa,އައްޑޫމީދޫ ދާއިރާ,5,259,50000,50000,96000,96000,96000,24000,24000,48000,48000,48000,24000,majlis-health-insurance-2014-2025
abdhurahmaan-adoomeedhoo,abdhurahmaan,ޢަބްދުއްރަޙްމާން,Alfaazil,އަލްފާޟިލް,adoomeedhoo dhaairaa,އައްޑޫމީދޫ ދާއިރާ,5,260,,,,,,,,,,,72000,majlis-health-insurance-2014-2025
