row_id,source_page,source_row,constituency,name,movements,rate_usd,total_usd,total_mvr,source_id
vip19--001,1,1,Hulhumale,Ali Niyaz,72,60.00,4320.00,66614.40,rti-majlis-vip-19th
vip19--002,1,2,henveyru uthuru,Ibrahim Muizzu,0,60.00,0.00,,rti-majlis-vip-19th
vip19--003,1,3,Medhuhenveyru,Ali Azim,10,60.00,600.00,9252.00,rti-majlis-vip-19th
vip19--004,1,4,henveyru dhekunu,Hussain Shaheem,88,60.00,5280.00,81417.60,rti-majlis-vip-19th
vip19--005,1,5,Henveyru Hulhangu,Hassan latheef,9,60.00,540.00,8326.80,rti-majlis-vip-19th
vip19--006,1,6,Galolhu Uthuru,Eva Abdulla,21,60.00,1260.00,19429.20,rti-majlis-vip-19th
vip19--007,1,7,Galolhu Dhekunu,Meekail Ahmed Nasym,6,60.00,360.00,5551.20,rti-majlis-vip-19th
vip19--008,1,8,Machchangolhi Uthuru,Mohamed Rasheed,12,60.00,720.00,11102.40,rti-majlis-vip-19th
vip19--009,1,9,Machchangolhi Medhu,Mohamed Nasheed,1,60.00,60.00,925.20,rti-majlis-vip-19th
vip19--010,1,10,Machchangolhi Dhekunu,Ahmed Haitham,77,60.00,4620.00,71240.40,rti-majlis-vip-19th
vip19--011,1,11,Maafannu Uthuru,Imthiyaz Fahmy,27,60.00,1620.00,24980.40,rti-majlis-vip-19th
vip19--012,1,12,Maafannu Medhu,Ibrahim Rasheed,0,60.00,0.00,,rti-majlis-vip-19th
vip19--013,1,13,Maafannu dhekunu,Adam Ali,2,60.00,120.00,1850.40,rti-majlis-vip-19th
vip19--014,1,14,Maafannu Hulhangu,Mohamed Falah,7,60.00,420.00,6476.40,rti-majlis-vip-19th
vip19--015,1,15,Villimale,Ahmed Usham,18,60.00,1080.00,16653.60,rti-majlis-vip-19th
vip19--016,1,16,Hoarafushi,Ahmed Saleem,7,60.00,420.00,6476.40,rti-majlis-vip-19th
vip19--017,1,17,Ihavandhoo,Mohamed Shifau,58,60.00,3480.00,53661.60,rti-majlis-vip-19th
vip19--018,1,18,Baarashu,Ahmed Abdulla,25,60.00,1500.00,23130.00,rti-majlis-vip-19th
vip19--019,1,19,Dhidhdhoo,Abdulla Waheed,12,60.00,720.00,11102.40,rti-majlis-vip-19th
vip19--020,1,20,Kelaa,Ibrahim Shareef,11,60.00,660.00,10177.20,rti-majlis-vip-19th
vip19--021,1,21,Hanimaadhoo,Abdul Ghafoor Moosa,30,60.00,1800.00,27756.00,rti-majlis-vip-19th
vip19--022,1,22,Nolhivaram,Mohamed Nasheed Abdulla,22,60.00,1320.00,20354.40,rti-majlis-vip-19th
vip19--023,1,23,Vaikaradhoo,Hussain Ziyad,8,60.00,480.00,7401.60,rti-majlis-vip-19th
vip19--024,1,24,Kulhudhufushi Uthuru,Yasir Abdul latheef,33,60.00,1980.00,30531.60,rti-majlis-vip-19th
vip19--025,1,25,Kulhudhufushi Dhekunu,Jamsheed Mohamed,15,60.00,900.00,13878.00,rti-majlis-vip-19th
vip19--026,1,26,Makunudhoo,Mohamed Raee,57,60.00,3420.00,52736.40,rti-majlis-vip-19th
vip19--027,1,27,Kanditheemu,Abdulla Shaheem Abdul Hakeem,88,60.00,5280.00,81417.60,rti-majlis-vip-19th
vip19--028,1,28,Milandhoo,Ali Riza,8,60.00,480.00,7401.60,rti-majlis-vip-19th
vip19--029,1,29,Komandoo,Hussain Waheed,66,60.00,3960.00,61063.20,rti-majlis-vip-19th
vip19--030,1,30,Komandoo,Rashid,4,60.00,240.00,3700.80,rti-majlis-vip-19th
vip19--031,1,31,Funadhoo,Mohamed Shahid,17,60.00,1020.00,15728.40,rti-majlis-vip-19th
vip19--032,1,32,Kendhikulhudhoo,Ahmed Easa,78,60.00,4680.00,72165.60,rti-majlis-vip-19th
vip19--033,1,33,Manadhoo,Ahmed Haroon,2,60.00,120.00,1850.40,rti-majlis-vip-19th
vip19--034,1,34,Velidhoo,Mohamed Abdulla Shafeeq,10,60.00,600.00,9252.00,rti-majlis-vip-19th
vip19--035,1,35,Holhudhoo,Yoonus Ali,12,60.00,720.00,11102.40,rti-majlis-vip-19th
vip19--036,1,36,Alifushi,Mohamed Rasheed Hussain,6,60.00,360.00,5551.20,rti-majlis-vip-19th
vip19--037,1,37,Ungoofaaru,Mohamed Waheed,16,60.00,960.00,14803.20,rti-majlis-vip-19th
vip19--038,1,38,Dhuvaafaru,Ismail Ahmed,76,60.00,4560.00,70315.20,rti-majlis-vip-19th
vip19--039,1,39,Inguraidhoo,Hassan Ahmed,6,60.00,360.00,5551.20,rti-majlis-vip-19th
vip19--040,1,40,Maduvvari,Adam Shareef,53,60.00,3180.00,49035.60,rti-majlis-vip-19th
vip19--041,1,41,Thulhaadhoo,Hisaan Hussain,32,60.00,1920.00,29606.40,rti-majlis-vip-19th
vip19--042,1,42,Eydhafushi,Ahmed Saleem,3,60.00,180.00,2775.60,rti-majlis-vip-19th
vip19--043,1,43,Kendhoo,Ali Hussain,38,60.00,2280.00,35157.60,rti-majlis-vip-19th
vip19--044,1,44,Hinnavaru,Jeehan Mahmood,170,60.00,10200.00,157284.00,rti-majlis-vip-19th
vip19--045,1,45,Naifaru,Ahmed Shiyam,66,60.00,3960.00,61063.20,rti-majlis-vip-19th
vip19--046,1,46,Kurendhoo,Abdul Ghani Abdul Hakeem,41,60.00,2460.00,37933.20,rti-majlis-vip-19th
vip19--047,1,47,Kaashidhoo,Abdulla Jabir,114,60.00,6840.00,105472.80,rti-majlis-vip-19th
vip19--048,1,48,Thulusdhoo,Ibrahim Naseem,42,60.00,2520.00,38858.40,rti-majlis-vip-19th
vip19--049,1,49,Guraidhoo,Ibrahim Riza,14,60.00,840.00,12952.80,rti-majlis-vip-19th
vip19--050,1,50,Guraidhoo,Shaaz,3,60.00,180.00,2775.60,rti-majlis-vip-19th
vip19--051,1,51,Mathiveri,Hassan Zareer,6,60.00,360.00,5551.20,rti-majlis-vip-19th
vip19--052,1,52,Thoddoo,Hassan Shiyan,12,60.00,720.00,11102.40,rti-majlis-vip-19th
vip19--053,1,53,Maamigili,Qasim Ibrahim,26,60.00,1560.00,24055.20,rti-majlis-vip-19th
vip19--054,1,54,Mahibadhoo,Ahmed Thariq,44,60.00,2640.00,40708.80,rti-majlis-vip-19th
vip19--055,1,55,Dhangethi,Mohamed Nazim,178,60.00,10680.00,164685.60,rti-majlis-vip-19th
vip19--056,1,56,Felidhoo,Ibrahim Fazul Rasheed,20,60.00,1200.00,18504.00,rti-majlis-vip-19th
vip19--057,1,57,Keyodhoo,Hussain Gasim,66,60.00,3960.00,61063.20,rti-majlis-vip-19th
vip19--058,2,58,Dhiggaru,Ikram Hassan,41,60.00,2460.00,37933.20,rti-majlis-vip-19th
vip19--059,2,59,Mulaku,Ibrahim Naseer,72,60.00,4320.00,66614.40,rti-majlis-vip-19th
vip19--060,2,60,Bilehdhoo,Ahmed Haleem,44,60.00,2640.00,40708.80,rti-majlis-vip-19th
vip19--061,2,61,Nilandhoo,Abdul Muhsin Hameed,13,60.00,780.00,12027.60,rti-majlis-vip-19th
vip19--062,2,62,Meedhoo,Ahmed Siyam Mohamed,130,60.00,7800.00,120276.00,rti-majlis-vip-19th
vip19--063,2,63,Kudahuvadhoo,Ahmed Amir,2,60.00,120.00,1850.40,rti-majlis-vip-19th
vip19--064,2,64,Vilufushi,Hassan Afeef,5,60.00,300.00,4626.00,rti-majlis-vip-19th
vip19--065,2,65,Thimarafushi,Abdulla Riyaz,79,60.00,4740.00,73090.80,rti-majlis-vip-19th
vip19--066,2,66,Kinbidhoo,Mohamed Nashiz,86,60.00,5160.00,79567.20,rti-majlis-vip-19th
vip19--067,2,67,Th. Guraidhoo,Mohamed Ghassan Maumoon,97,60.00,5820.00,89744.40,rti-majlis-vip-19th
vip19--068,2,68,Isdhoo,Ali Hameed,26,60.00,1560.00,24055.20,rti-majlis-vip-19th
vip19--069,2,69,Gamu,Mohamed Wisam,88,60.00,5280.00,81417.60,rti-majlis-vip-19th
vip19--070,2,70,Fonadhoo,Moosa Siraj,45,60.00,2700.00,41634.00,rti-majlis-vip-19th
vip19--071,2,71,Maavashu,Mohamed Saeed,121,60.00,7260.00,111949.20,rti-majlis-vip-19th
vip19--072,2,72,Villingilli,Saud Hussain,153,60.00,9180.00,141555.60,rti-majlis-vip-19th
vip19--073,2,73,Dhaandhoo,Yauqoob Abdulla,32,60.00,1920.00,29606.40,rti-majlis-vip-19th
vip19--074,2,74,Gemanafushi,Ahmed Saeed,17,60.00,1020.00,15728.40,rti-majlis-vip-19th
vip19--075,2,75,Thidhadhoo Uthuru,Abdul Mughnee,60,60.00,3600.00,55512.00,rti-majlis-vip-19th
vip19--076,2,76,Thinadhoo Dhekunu,Abdulla Saneef,5,60.00,300.00,4626.00,rti-majlis-vip-19th
vip19--077,2,77,Madaveli,Hussain Firushan,44,60.00,2640.00,40708.80,rti-majlis-vip-19th
vip19--078,2,78,Faresmaathoda,Hussain Mohamed Latheef,38,60.00,2280.00,35157.60,rti-majlis-vip-19th
vip19--079,2,79,Gadhdhoo,Ahmed Zahir,0,60.00,0.00,,rti-majlis-vip-19th
vip19--080,2,80,Fuvahmulaku Uthuru,Mohamed Rasheed,13,60.00,780.00,12027.60,rti-majlis-vip-19th
vip19--081,2,81,Fuvahmulaku Medhu,Hussain Mohamed Didi,89,60.00,5340.00,82342.80,rti-majlis-vip-19th
vip19--082,2,82,Fuvahmulaku Dhekunu,Mohamed Mumthaz,69,60.00,4140.00,63838.80,rti-majlis-vip-19th
vip19--083,2,83,Hulhudhoo,Ilyas Labeeb,34,60.00,2040.00,31456.80,rti-majlis-vip-19th
vip19--084,2,84,Feydhoo,Mohamed Nihad,22,60.00,1320.00,20354.40,rti-majlis-vip-19th
vip19--085,2,85,Maradhoo,Ibrahim Shareef,21,60.00,1260.00,19429.20,rti-majlis-vip-19th
vip19--086,2,86,Hithadhoo Uthuru,Mohamed Aslam,20,60.00,1200.00,18504.00,rti-majlis-vip-19th
vip19--087,2,87,Hithadhoo Medhu,Ahmed Rasheed,0,60.00,0.00,,rti-majlis-vip-19th
vip19--088,2,88,Hithadhoo Dhekunu,Ibrahim Nazil,42,60.00,2520.00,38858.40,rti-majlis-vip-19th
vip19--089,2,89,Addu meedhoo,Rozaina Adam,89,60.00,5340.00,82342.80,rti-majlis-vip-19th
